date,temp_max_nasa,precip_nasa,humidity_nasa,windspeed_nasa
2015-01-01,27.83,0.1,63.54,2.06
2015-01-02,28.01,0.01,69.24,2.54
2015-01-03,28.1,0.02,70.91,2.44
2015-01-04,31.33,0.0,64.48,3.2
2015-01-05,31.79,0.0,57.58,4.15
2015-01-06,32.08,0.0,56.39,2.97
2015-01-07,31.08,0.0,48.82,2.75
2015-01-08,31.5,0.0,44.4,3.29
2015-01-09,32.09,0.0,45.31,3.73
2015-01-10,32.37,0.0,42.27,4.01
2015-01-11,32.77,0.0,40.19,3.87
2015-01-12,32.96,0.0,41.28,3.42
2015-01-13,32.45,0.0,44.07,3.64
2015-01-14,32.08,0.0,46.79,2.82
2015-01-15,32.14,0.0,46.51,3.32
2015-01-16,32.35,0.0,47.91,3.37
2015-01-17,32.75,0.0,45.76,3.34
2015-01-18,32.66,0.0,47.38,3.24
2015-01-19,32.58,0.0,50.37,2.66
2015-01-20,29.6,0.0,62.36,2.41
2015-01-21,31.6,0.0,59.3,2.77
2015-01-22,29.96,0.32,70.74,2.89
2015-01-23,31.23,0.0,65.43,3.14
2015-01-24,32.42,0.04,58.52,2.69
2015-01-25,31.31,0.37,58.44,2.26
2015-01-26,30.29,0.0,63.29,3.1
2015-01-27,30.9,0.0,50.45,3.35
2015-01-28,32.58,0.0,53.47,2.73
2015-01-29,33.04,0.0,54.87,2.29
2015-01-30,34.67,0.0,47.17,3.78
2015-01-31,35.25,0.0,39.31,4.21
2015-02-01,33.92,0.0,42.04,2.9
2015-02-02,34.32,0.0,47.57,2.92
2015-02-03,35.46,0.0,42.05,2.82
2015-02-04,35.69,0.0,39.26,2.98
2015-02-05,35.45,0.0,37.0,3.21
2015-02-06,34.56,0.01,41.43,3.22
2015-02-07,34.27,0.0,47.95,2.76
2015-02-08,31.59,0.0,49.65,2.91
2015-02-09,34.79,0.0,36.79,3.54
2015-02-10,34.99,0.01,47.67,3.91
2015-02-11,34.54,0.03,48.71,2.63
2015-02-12,35.0,0.0,41.17,3.22
2015-02-13,36.19,0.0,33.99,3.35
2015-02-14,35.61,0.0,33.73,2.91
2015-02-15,35.36,0.0,38.81,2.93
2015-02-16,37.74,0.0,43.49,3.17
2015-02-17,36.83,0.0,38.74,3.22
2015-02-18,34.53,0.0,51.38,2.74
2015-02-19,35.9,0.0,54.73,2.64
2015-02-20,36.58,0.0,44.84,3.24
2015-02-21,38.67,0.0,26.17,3.63
2015-02-22,39.02,0.0,31.94,3.2
2015-02-23,38.45,0.0,36.36,3.49
2015-02-24,36.87,0.0,44.97,2.51
2015-02-25,35.32,0.0,57.32,3.41
2015-02-26,33.17,0.0,52.47,3.36
2015-02-27,32.81,0.0,50.67,2.76
2015-02-28,31.87,1.74,55.15,3.01
2015-03-01,25.52,40.68,79.43,3.94
2015-03-02,28.06,0.23,65.27,3.83
2015-03-03,28.24,0.0,58.64,3.05
2015-03-04,30.25,0.0,54.67,3.01
2015-03-05,33.53,0.0,54.4,2.86
2015-03-06,35.93,0.0,48.19,3.44
2015-03-07,35.79,0.0,42.11,3.69
2015-03-08,34.69,0.0,50.52,3.33
2015-03-09,36.48,0.0,51.9,2.91
2015-03-10,37.61,0.26,56.29,3.53
2015-03-11,36.34,0.18,54.17,2.55
2015-03-12,38.32,0.0,44.84,3.47
2015-03-13,38.1,0.77,49.4,3.25
2015-03-14,35.04,2.05,55.09,2.81
2015-03-15,33.2,1.24,64.82,2.44
2015-03-16,32.67,0.07,64.53,3.08
2015-03-17,36.02,0.0,45.05,3.57
2015-03-18,38.26,0.0,37.19,3.31
2015-03-19,40.32,0.02,41.02,3.77
2015-03-20,40.89,0.03,37.87,3.22
2015-03-21,40.47,0.19,39.88,2.75
2015-03-22,41.14,0.23,40.81,2.68
2015-03-23,40.01,0.12,40.13,2.25
2015-03-24,41.11,0.09,47.22,2.68
2015-03-25,43.45,0.07,39.01,2.72
2015-03-26,40.97,0.11,50.84,2.43
2015-03-27,41.05,0.48,53.02,2.49
2015-03-28,39.92,0.19,52.18,2.26
2015-03-29,36.82,2.5,52.78,2.22
2015-03-30,38.82,0.75,44.29,3.61
2015-03-31,37.78,0.0,45.49,3.53
2015-04-01,38.4,0.0,45.14,2.69
2015-04-02,37.45,0.0,56.26,3.08
2015-04-03,36.57,0.0,56.92,3.41
2015-04-04,36.18,0.0,56.9,3.2
2015-04-05,36.02,0.03,64.94,3.01
2015-04-06,36.83,0.0,61.17,2.77
2015-04-07,36.84,0.01,60.59,2.56
2015-04-08,37.45,0.0,58.15,2.5
2015-04-09,37.92,0.03,57.9,2.49
2015-04-10,37.01,0.17,63.19,2.88
2015-04-11,36.02,0.23,61.96,2.93
2015-04-12,36.22,0.12,55.01,2.53
2015-04-13,35.01,0.55,57.79,2.43
2015-04-14,35.69,0.14,56.52,2.78
2015-04-15,37.78,0.04,50.91,2.77
2015-04-16,39.35,0.02,48.06,2.69
2015-04-17,39.29,0.07,54.81,3.03
2015-04-18,40.1,0.02,53.12,2.38
2015-04-19,41.17,0.01,47.12,2.57
2015-04-20,42.22,0.04,50.24,2.58
2015-04-21,40.09,0.1,55.76,3.17
2015-04-22,38.6,0.07,58.05,3.6
2015-04-23,38.96,0.03,56.15,3.14
2015-04-24,39.12,0.01,51.92,3.03
2015-04-25,38.29,0.01,54.65,2.66
2015-04-26,38.54,0.0,56.84,2.95
2015-04-27,39.87,0.02,57.27,2.76
2015-04-28,39.28,0.04,57.43,3.13
2015-04-29,39.45,0.04,60.78,2.88
2015-04-30,38.79,0.02,61.2,2.8
2015-05-01,37.41,0.3,63.29,2.58
2015-05-02,40.08,0.33,61.57,2.58
2015-05-03,38.87,0.44,58.44,2.68
2015-05-04,39.69,0.29,57.98,2.49
2015-05-05,40.03,1.0,54.49,2.78
2015-05-06,40.4,0.71,47.37,2.68
2015-05-07,40.33,0.09,50.57,3.17
2015-05-08,40.13,0.31,55.0,3.36
2015-05-09,39.73,0.46,54.27,3.88
2015-05-10,39.99,0.38,52.51,3.2
2015-05-11,40.02,0.73,56.33,3.57
2015-05-12,38.63,1.25,59.77,2.99
2015-05-13,36.09,14.22,64.9,2.47
2015-05-14,37.9,8.28,63.41,2.39
2015-05-15,38.81,1.88,62.32,2.24
2015-05-16,39.22,0.82,61.49,2.38
2015-05-17,37.21,0.08,66.31,2.42
2015-05-18,38.14,0.02,64.23,3.13
2015-05-19,36.4,0.02,66.16,3.54
2015-05-20,37.41,0.07,64.05,3.61
2015-05-21,36.82,0.02,65.41,3.85
2015-05-22,35.48,0.01,66.62,3.59
2015-05-23,34.99,0.01,68.4,3.8
2015-05-24,36.59,0.01,66.24,4.28
2015-05-25,35.22,0.0,68.8,4.3
2015-05-26,36.79,0.09,65.11,4.11
2015-05-27,37.84,0.18,63.71,4.09
2015-05-28,38.57,0.2,64.5,4.17
2015-05-29,38.14,0.31,64.85,3.69
2015-05-30,36.64,0.7,63.81,3.38
2015-05-31,39.16,0.52,57.97,3.58
2015-06-01,36.3,0.87,64.32,4.21
2015-06-02,36.46,0.49,63.76,4.08
2015-06-03,37.65,0.41,60.48,3.12
2015-06-04,37.51,3.11,59.94,3.17
2015-06-05,34.05,5.92,69.41,2.12
2015-06-06,34.66,2.0,70.4,2.06
2015-06-07,33.49,16.51,74.87,3.16
2015-06-08,34.42,9.52,75.22,4.78
2015-06-09,32.98,8.71,77.03,4.31
2015-06-10,32.16,5.96,79.12,4.18
2015-06-11,32.74,37.67,80.22,3.88
2015-06-12,29.42,31.02,86.02,4.01
2015-06-13,30.15,20.74,84.04,5.03
2015-06-14,29.45,23.62,83.66,4.28
2015-06-15,31.5,9.26,77.34,3.76
2015-06-16,32.42,12.47,77.04,4.14
2015-06-17,30.74,16.82,80.23,5.36
2015-06-18,29.82,117.92,86.2,6.15
2015-06-19,29.94,83.8,87.14,6.82
2015-06-20,28.41,62.38,92.25,8.06
2015-06-21,28.98,132.4,91.37,7.85
2015-06-22,27.89,73.43,92.13,8.66
2015-06-23,28.25,75.64,90.61,11.05
2015-06-24,28.45,29.42,90.4,8.65
2015-06-25,29.56,16.02,88.56,8.17
2015-06-26,29.8,1.44,87.83,7.32
2015-06-27,30.1,0.38,86.94,5.76
2015-06-28,30.12,0.85,86.8,4.69
2015-06-29,30.17,2.01,86.34,4.26
2015-06-30,30.2,3.08,86.63,3.97
2015-07-01,30.36,1.66,86.14,4.01
2015-07-02,30.49,0.22,86.46,3.52
2015-07-03,30.48,0.31,85.9,4.28
2015-07-04,30.09,0.37,86.29,5.05
2015-07-05,30.49,0.14,84.54,5.38
2015-07-06,30.16,0.15,83.92,6.38
2015-07-07,30.09,1.21,85.63,6.43
2015-07-08,30.21,1.93,85.43,5.58
2015-07-09,30.0,1.96,86.97,5.42
2015-07-10,30.09,1.91,86.07,6.31
2015-07-11,29.85,3.9,84.62,6.0
2015-07-12,30.85,1.18,84.36,4.72
2015-07-13,30.34,0.67,85.81,3.61
2015-07-14,30.81,0.3,85.26,3.39
2015-07-15,30.6,0.52,84.31,4.49
2015-07-16,30.55,2.2,84.15,5.51
2015-07-17,30.5,2.51,83.83,5.93
2015-07-18,30.51,4.17,84.35,6.05
2015-07-19,29.64,5.97,86.13,6.28
2015-07-20,27.75,42.52,90.19,5.08
2015-07-21,28.09,38.8,90.13,5.32
2015-07-22,28.46,24.98,89.95,5.31
2015-07-23,30.01,18.29,87.95,5.39
2015-07-24,28.3,22.78,88.86,5.6
2015-07-25,28.68,16.33,89.44,5.25
2015-07-26,28.44,7.38,88.43,6.02
2015-07-27,28.36,16.99,87.84,7.65
2015-07-28,27.89,31.62,88.68,7.38
2015-07-29,28.38,15.04,88.14,6.73
2015-07-30,28.72,10.14,87.78,6.04
2015-07-31,29.06,5.5,87.71,5.51
2015-08-01,29.27,3.13,86.72,4.83
2015-08-02,29.45,1.28,86.61,4.52
2015-08-03,29.01,1.21,86.55,4.58
2015-08-04,28.63,2.92,88.56,5.08
2015-08-05,28.23,11.48,89.92,4.94
2015-08-06,28.73,5.93,88.72,5.18
2015-08-07,29.81,3.16,88.08,4.4
2015-08-08,29.35,4.89,88.04,4.2
2015-08-09,29.25,5.09,89.18,3.65
2015-08-10,29.36,2.66,88.96,3.8
2015-08-11,28.32,4.02,90.86,2.81
2015-08-12,28.81,3.06,89.51,2.9
2015-08-13,29.03,2.74,88.33,3.63
2015-08-14,29.79,5.65,87.5,4.13
2015-08-15,30.17,4.2,87.34,4.03
2015-08-16,29.64,5.0,86.95,3.44
2015-08-17,28.9,7.73,88.08,3.06
2015-08-18,30.17,0.65,85.97,1.97
2015-08-19,31.14,0.04,83.96,1.95
2015-08-20,30.3,0.09,86.14,2.36
2015-08-21,29.86,1.47,87.06,3.61
2015-08-22,29.62,1.3,85.13,4.22
2015-08-23,29.93,0.76,85.48,4.19
2015-08-24,29.43,2.47,85.12,4.09
2015-08-25,29.7,8.38,86.55,4.36
2015-08-26,30.01,4.73,86.12,4.02
2015-08-27,29.33,3.59,86.25,3.44
2015-08-28,29.23,8.87,87.96,2.85
2015-08-29,29.69,6.6,88.15,2.99
2015-08-30,29.51,5.86,87.54,3.53
2015-08-31,28.99,3.8,88.15,3.21
2015-09-01,29.55,1.98,86.17,2.9
2015-09-02,29.48,0.73,84.37,2.54
2015-09-03,30.4,0.21,81.17,2.18
2015-09-04,31.35,0.09,78.03,1.81
2015-09-05,31.42,0.02,80.07,2.37
2015-09-06,30.75,0.01,80.02,2.24
2015-09-07,30.11,0.15,79.94,1.82
2015-09-08,30.83,10.88,79.08,1.72
2015-09-09,29.95,19.88,83.96,2.17
2015-09-10,30.16,24.42,88.03,3.14
2015-09-11,30.83,10.67,86.4,1.94
2015-09-12,30.64,38.52,87.59,2.07
2015-09-13,29.18,20.25,89.26,2.59
2015-09-14,29.6,14.35,90.24,2.9
2015-09-15,28.68,21.63,90.55,2.79
2015-09-16,30.14,9.79,88.29,3.54
2015-09-17,30.2,9.67,88.91,3.71
2015-09-18,28.68,28.17,90.87,5.03
2015-09-19,29.41,42.4,89.07,5.06
2015-09-20,28.98,26.23,88.66,5.15
2015-09-21,28.84,21.72,89.5,5.23
2015-09-22,29.38,3.15,88.18,3.56
2015-09-23,30.35,3.48,84.24,2.06
2015-09-24,29.97,0.11,80.59,1.5
2015-09-25,29.47,0.03,82.78,1.85
2015-09-26,29.6,0.04,81.36,1.89
2015-09-27,30.0,0.0,84.04,2.55
2015-09-28,31.78,0.0,79.73,2.7
2015-09-29,33.64,0.01,77.2,3.37
2015-09-30,34.21,0.03,75.63,4.1
2015-10-01,33.72,1.81,77.1,2.52
2015-10-02,31.98,8.58,84.29,2.02
2015-10-03,29.51,19.52,89.97,1.81
2015-10-04,29.59,8.33,89.43,1.85
2015-10-05,31.57,4.35,83.3,1.48
2015-10-06,34.21,0.26,75.18,3.16
2015-10-07,34.46,0.0,70.83,2.95
2015-10-08,33.6,0.01,74.74,2.34
2015-10-09,31.14,0.39,85.96,1.92
2015-10-10,30.65,3.25,87.23,2.1
2015-10-11,29.76,12.97,89.04,2.31
2015-10-12,31.05,7.91,84.23,1.75
2015-10-13,32.61,0.27,79.54,1.83
2015-10-14,35.3,0.01,69.84,2.53
2015-10-15,35.23,0.0,67.69,3.4
2015-10-16,34.02,0.0,69.89,3.78
2015-10-17,33.71,0.0,73.82,3.41
2015-10-18,33.64,0.01,74.82,3.01
2015-10-19,34.17,0.02,70.82,2.45
2015-10-20,35.25,0.0,65.69,2.49
2015-10-21,34.25,0.0,69.36,2.8
2015-10-22,34.36,0.03,70.37,2.79
2015-10-23,34.2,0.02,69.17,2.91
2015-10-24,34.1,0.0,69.96,2.43
2015-10-25,34.02,2.66,69.01,1.77
2015-10-26,31.37,1.16,74.41,2.67
2015-10-27,30.53,0.22,77.02,3.1
2015-10-28,32.9,0.32,71.17,2.29
2015-10-29,32.27,0.0,71.98,2.26
2015-10-30,32.59,0.0,74.17,2.98
2015-10-31,32.31,0.0,72.12,3.55
2015-11-01,32.4,0.0,72.0,3.22
2015-11-02,32.49,0.0,70.02,3.09
2015-11-03,32.09,0.0,69.08,2.65
2015-11-04,32.54,0.11,71.02,2.59
2015-11-05,32.3,0.05,70.92,2.19
2015-11-06,32.72,0.0,70.21,2.87
2015-11-07,33.02,0.02,68.34,3.0
2015-11-08,33.4,0.0,66.91,3.02
2015-11-09,33.22,0.0,67.53,2.98
2015-11-10,32.36,0.0,66.05,3.93
2015-11-11,33.04,0.0,65.55,4.56
2015-11-12,33.25,0.0,62.84,4.6
2015-11-13,32.72,0.0,65.64,3.97
2015-11-14,32.8,0.01,66.94,3.71
2015-11-15,32.61,0.0,64.95,3.47
2015-11-16,32.5,0.0,64.08,3.92
2015-11-17,32.84,0.0,64.29,3.75
2015-11-18,32.44,0.0,60.55,4.45
2015-11-19,32.0,0.0,57.55,5.01
2015-11-20,33.16,0.0,60.75,4.56
2015-11-21,31.96,1.55,77.31,2.71
2015-11-22,27.89,10.32,87.64,2.02
2015-11-23,27.75,15.61,86.62,2.75
2015-11-24,28.97,1.47,81.63,1.94
2015-11-25,30.9,0.19,77.86,2.39
2015-11-26,31.79,0.14,72.69,2.28
2015-11-27,32.0,0.0,70.93,2.2
2015-11-28,31.06,0.0,65.38,2.1
2015-11-29,32.01,0.0,67.0,2.88
2015-11-30,32.43,0.0,70.62,3.12
2015-12-01,32.66,0.0,71.82,3.02
2015-12-02,33.18,0.0,68.1,2.63
2015-12-03,32.63,0.0,64.77,3.41
2015-12-04,32.98,0.0,60.62,3.11
2015-12-05,32.49,0.0,57.58,3.83
2015-12-06,32.06,0.0,55.44,4.07
2015-12-07,32.43,0.0,50.28,4.23
2015-12-08,32.14,0.0,52.44,3.77
2015-12-09,31.98,0.0,57.48,3.03
2015-12-10,32.02,0.0,61.05,2.44
2015-12-11,30.01,0.0,70.01,2.01
2015-12-12,30.55,0.0,59.23,2.06
2015-12-13,31.19,0.0,54.51,2.22
2015-12-14,32.28,0.0,57.11,2.45
2015-12-15,34.27,0.0,59.19,2.96
2015-12-16,32.6,0.0,57.98,2.24
2015-12-17,32.61,0.0,44.26,2.87
2015-12-18,33.49,0.0,48.81,2.82
2015-12-19,33.26,0.0,58.69,3.24
2015-12-20,31.17,0.0,64.82,2.0
2015-12-21,31.16,0.0,58.92,2.21
2015-12-22,29.49,0.0,48.59,2.43
2015-12-23,30.42,0.0,44.49,3.2
2015-12-24,31.04,0.0,40.38,4.15
2015-12-25,31.38,0.0,33.9,5.28
2015-12-26,31.25,0.0,37.02,4.65
2015-12-27,33.5,0.0,39.61,4.13
2015-12-28,35.01,0.0,37.9,4.58
2015-12-29,35.33,0.0,39.99,3.99
2015-12-30,35.45,0.0,39.6,3.36
2015-12-31,35.64,0.0,40.07,3.51
2016-01-01,35.19,0.0,43.88,3.35
2016-01-02,34.88,0.0,42.78,3.19
2016-01-03,33.84,0.0,42.65,3.01
2016-01-04,34.15,0.0,44.5,3.55
2016-01-05,33.54,0.0,45.7,3.02
2016-01-06,33.51,0.0,48.46,2.86
2016-01-07,33.88,0.0,50.03,2.95
2016-01-08,33.24,0.0,49.12,2.75
2016-01-09,33.54,0.0,45.1,3.33
2016-01-10,33.53,0.0,41.57,3.14
2016-01-11,33.41,0.0,45.53,3.09
2016-01-12,32.05,0.0,50.97,2.37
2016-01-13,31.65,0.0,56.02,2.27
2016-01-14,29.94,0.1,59.57,2.41
2016-01-15,30.72,0.0,60.04,2.54
2016-01-16,29.75,0.07,58.84,1.96
2016-01-17,28.95,0.09,61.98,2.12
2016-01-18,28.51,0.0,60.48,2.15
2016-01-19,29.11,0.0,52.32,2.78
2016-01-20,30.53,0.0,39.64,3.53
2016-01-21,31.97,0.0,38.01,4.17
2016-01-22,32.98,0.0,28.37,4.15
2016-01-23,33.68,0.0,30.36,3.91
2016-01-24,34.06,0.0,35.47,3.29
2016-01-25,33.0,0.0,36.37,2.74
2016-01-26,32.04,0.0,39.22,2.41
2016-01-27,32.27,0.0,49.15,2.41
2016-01-28,36.79,0.0,40.94,3.26
2016-01-29,37.42,0.0,37.69,3.08
2016-01-30,37.5,0.03,35.81,2.83
2016-01-31,36.41,0.09,39.43,3.07
2016-02-01,36.02,0.0,39.02,3.17
2016-02-02,35.3,0.0,37.56,3.07
2016-02-03,36.6,0.0,37.03,3.2
2016-02-04,35.8,0.0,39.75,2.78
2016-02-05,34.48,0.64,48.58,2.55
2016-02-06,30.0,0.0,57.23,2.44
2016-02-07,30.11,0.0,61.05,2.55
2016-02-08,33.58,0.0,51.94,2.63
2016-02-09,34.63,0.0,46.57,2.42
2016-02-10,32.45,0.0,56.95,2.23
2016-02-11,31.35,0.0,59.14,2.67
2016-02-12,30.33,0.0,64.57,2.72
2016-02-13,31.88,0.0,60.03,3.15
2016-02-14,33.86,0.0,43.4,2.8
2016-02-15,33.96,0.0,37.62,2.8
2016-02-16,36.68,0.0,42.97,2.46
2016-02-17,34.72,1.46,51.67,2.45
2016-02-18,37.39,0.0,54.96,3.1
2016-02-19,34.37,0.0,64.73,2.94
2016-02-20,34.0,0.0,59.9,3.17
2016-02-21,36.04,0.0,44.73,3.17
2016-02-22,36.07,2.48,36.93,3.28
2016-02-23,36.11,3.79,35.05,2.47
2016-02-24,34.23,8.72,62.31,2.64
2016-02-25,34.07,0.0,60.61,1.79
2016-02-26,34.27,0.0,53.8,1.86
2016-02-27,38.77,0.34,48.0,2.88
2016-02-28,37.07,0.78,50.57,2.39
2016-02-29,36.98,1.65,56.06,2.18
2016-03-01,38.27,1.2,52.26,2.16
2016-03-02,37.83,0.58,55.02,2.64
2016-03-03,38.24,0.06,50.37,2.91
2016-03-04,37.21,1.61,49.0,1.98
2016-03-05,37.23,0.07,45.91,3.08
2016-03-06,35.88,0.0,45.45,3.09
2016-03-07,36.93,0.0,42.29,2.79
2016-03-08,38.17,0.0,39.46,3.14
2016-03-09,37.96,0.06,44.57,3.04
2016-03-10,40.46,0.0,35.53,3.46
2016-03-11,40.94,0.09,33.31,2.79
2016-03-12,36.22,0.03,53.31,2.75
2016-03-13,33.58,0.0,59.14,3.28
2016-03-14,34.13,0.01,59.98,3.39
2016-03-15,35.53,0.0,53.9,2.82
2016-03-16,35.7,0.01,56.22,2.28
2016-03-17,36.38,0.0,50.28,2.34
2016-03-18,38.42,0.0,53.61,2.86
2016-03-19,39.03,0.0,50.12,3.37
2016-03-20,40.07,0.0,38.11,3.97
2016-03-21,39.08,0.0,37.06,3.65
2016-03-22,40.3,0.0,37.3,3.23
2016-03-23,42.68,0.01,34.15,2.42
2016-03-24,41.3,0.01,44.12,2.19
2016-03-25,40.09,0.03,59.55,2.85
2016-03-26,39.14,0.01,52.14,2.71
2016-03-27,40.92,0.07,48.2,2.58
2016-03-28,40.62,0.12,49.42,2.57
2016-03-29,39.31,0.06,47.86,2.47
2016-03-30,39.56,0.0,51.76,2.4
2016-03-31,39.01,0.0,53.22,2.59
2016-04-01,38.21,0.0,56.07,2.82
2016-04-02,38.92,0.0,59.82,2.71
2016-04-03,37.73,0.04,60.28,2.95
2016-04-04,38.64,0.04,55.98,3.09
2016-04-05,39.11,0.37,53.29,2.89
2016-04-06,38.77,0.05,48.41,2.86
2016-04-07,38.72,0.21,52.17,3.5
2016-04-08,39.75,0.0,43.73,3.86
2016-04-09,39.98,0.0,45.12,3.67
2016-04-10,39.96,0.07,51.01,3.52
2016-04-11,40.09,0.0,50.39,3.87
2016-04-12,40.06,0.0,51.53,3.68
2016-04-13,39.16,0.0,55.77,2.98
2016-04-14,39.84,0.0,53.47,2.87
2016-04-15,40.24,0.0,52.86,3.24
2016-04-16,38.93,0.0,60.49,3.24
2016-04-17,37.63,0.0,58.39,2.96
2016-04-18,40.3,0.07,58.92,3.56
2016-04-19,40.37,0.04,59.6,3.62
2016-04-20,39.37,0.17,54.77,3.51
2016-04-21,38.47,0.0,55.87,2.87
2016-04-22,36.24,0.0,57.73,3.2
2016-04-23,36.3,0.02,62.48,3.22
2016-04-24,35.92,0.29,63.08,3.03
2016-04-25,37.81,0.0,55.48,2.57
2016-04-26,40.15,0.0,48.28,2.86
2016-04-27,41.66,0.03,40.77,3.65
2016-04-28,40.9,0.11,45.71,2.78
2016-04-29,38.39,0.06,50.02,2.63
2016-04-30,39.45,0.04,53.11,2.71
2016-05-01,40.37,0.06,49.99,2.52
2016-05-02,40.05,0.0,56.81,3.03
2016-05-03,39.63,0.01,56.06,2.92
2016-05-04,37.91,0.03,58.32,2.59
2016-05-05,38.85,0.03,58.31,3.15
2016-05-06,37.65,0.43,58.5,3.19
2016-05-07,37.55,0.21,58.24,2.81
2016-05-08,38.09,0.72,59.83,2.87
2016-05-09,38.74,1.43,57.68,2.54
2016-05-10,38.66,1.67,56.6,2.38
2016-05-11,38.61,0.91,56.54,2.86
2016-05-12,38.54,0.84,56.98,3.23
2016-05-13,37.87,1.07,64.17,3.14
2016-05-14,37.96,0.46,62.21,3.29
2016-05-15,38.78,0.22,59.97,3.28
2016-05-16,39.81,0.04,60.91,2.95
2016-05-17,38.23,0.02,64.58,2.98
2016-05-18,36.28,0.04,67.41,3.13
2016-05-19,37.03,0.1,65.98,4.21
2016-05-20,34.83,0.11,70.43,5.17
2016-05-21,36.48,0.04,65.51,5.72
2016-05-22,37.3,0.01,62.87,5.21
2016-05-23,36.88,0.2,65.07,5.4
2016-05-24,37.22,0.09,65.27,4.64
2016-05-25,37.13,0.04,63.38,5.24
2016-05-26,36.94,0.14,67.19,4.57
2016-05-27,37.4,0.06,65.75,4.19
2016-05-28,37.16,0.02,65.08,4.41
2016-05-29,37.62,0.04,61.11,4.34
2016-05-30,38.01,0.05,58.81,3.97
2016-05-31,38.04,0.2,60.93,3.76
2016-06-01,38.81,0.34,59.22,3.88
2016-06-02,38.5,0.4,58.78,4.11
2016-06-03,39.19,0.36,59.08,4.64
2016-06-04,36.89,9.8,66.81,4.27
2016-06-05,34.6,12.1,75.22,3.51
2016-06-06,33.59,6.96,73.88,3.14
2016-06-07,35.55,0.75,71.24,3.67
2016-06-08,35.2,0.88,71.98,3.9
2016-06-09,33.05,0.99,74.69,4.04
2016-06-10,34.0,3.64,73.96,4.11
2016-06-11,30.64,13.07,82.83,4.67
2016-06-12,31.38,6.71,83.46,5.26
2016-06-13,32.76,3.13,79.3,5.27
2016-06-14,34.12,1.64,74.04,5.44
2016-06-15,33.91,1.43,71.89,6.29
2016-06-16,34.55,0.81,70.37,5.57
2016-06-17,34.04,1.33,71.49,4.81
2016-06-18,33.96,2.28,71.97,5.1
2016-06-19,32.16,9.21,75.49,5.03
2016-06-20,30.43,37.97,82.95,3.44
2016-06-21,29.85,36.66,85.78,3.79
2016-06-22,31.37,7.87,82.59,4.51
2016-06-23,31.81,13.95,81.31,4.77
2016-06-24,30.26,39.02,84.1,4.85
2016-06-25,29.06,111.53,89.63,4.94
2016-06-26,29.77,54.01,87.11,5.33
2016-06-27,29.33,31.93,88.8,5.2
2016-06-28,29.7,62.57,90.28,4.86
2016-06-29,29.17,26.47,88.72,4.98
2016-06-30,29.27,31.45,89.82,4.8
2016-07-01,29.15,36.93,90.08,5.78
2016-07-02,28.07,128.26,92.15,6.76
2016-07-03,28.75,65.26,91.76,6.47
2016-07-04,29.02,41.15,90.83,5.89
2016-07-05,28.31,24.75,91.3,5.06
2016-07-06,28.97,13.58,90.52,5.05
2016-07-07,29.2,9.68,88.67,5.21
2016-07-08,29.23,20.44,89.76,5.37
2016-07-09,27.89,31.68,90.8,6.43
2016-07-10,27.6,77.64,92.01,6.9
2016-07-11,27.56,36.84,92.24,6.46
2016-07-12,28.03,17.5,91.38,5.79
2016-07-13,28.89,17.97,90.36,5.91
2016-07-14,29.08,14.79,90.39,5.03
2016-07-15,28.88,12.28,90.54,4.42
2016-07-16,28.78,13.67,90.43,5.16
2016-07-17,28.53,11.73,89.97,4.38
2016-07-18,28.31,32.44,90.62,4.96
2016-07-19,27.63,48.21,91.23,4.86
2016-07-20,27.84,31.25,91.87,4.43
2016-07-21,27.4,16.1,92.45,4.04
2016-07-22,27.91,19.22,91.7,4.84
2016-07-23,27.86,14.78,91.92,4.01
2016-07-24,28.46,6.46,91.08,3.57
2016-07-25,28.57,6.51,90.75,3.09
2016-07-26,28.76,19.35,90.47,2.76
2016-07-27,27.7,16.23,91.14,2.82
2016-07-28,27.71,24.9,92.43,3.69
2016-07-29,26.99,67.7,91.31,4.21
2016-07-30,27.47,30.6,92.2,4.53
2016-07-31,26.77,86.28,93.82,5.57
2016-08-01,26.54,91.18,94.24,6.84
2016-08-02,26.54,93.79,93.28,7.3
2016-08-03,26.87,80.67,93.44,6.62
2016-08-04,27.53,25.15,92.26,6.46
2016-08-05,27.02,56.18,93.81,7.05
2016-08-06,27.56,32.1,92.0,6.81
2016-08-07,27.24,17.22,91.23,6.46
2016-08-08,27.92,16.04,90.55,6.6
2016-08-09,27.73,19.44,91.25,6.36
2016-08-10,27.86,24.0,90.32,6.45
2016-08-11,27.34,19.82,91.37,5.2
2016-08-12,28.28,10.97,91.22,4.84
2016-08-13,28.4,4.17,89.93,4.99
2016-08-14,27.94,2.62,89.24,5.15
2016-08-15,28.04,3.32,89.55,5.54
2016-08-16,28.31,2.05,89.77,5.39
2016-08-17,28.77,2.96,88.82,5.18
2016-08-18,28.84,5.06,88.27,4.37
2016-08-19,29.04,2.2,87.9,3.68
2016-08-20,28.06,3.33,91.07,3.96
2016-08-21,29.1,4.9,89.47,4.95
2016-08-22,28.91,10.29,89.3,4.65
2016-08-23,28.59,24.4,90.69,4.19
2016-08-24,29.07,12.21,89.73,4.24
2016-08-25,29.24,6.8,86.71,3.2
2016-08-26,28.63,22.13,90.43,3.13
2016-08-27,28.08,56.14,91.89,3.4
2016-08-28,28.48,34.32,91.72,3.72
2016-08-29,28.81,9.21,91.38,3.49
2016-08-30,28.61,9.05,91.27,3.15
2016-08-31,28.28,3.91,90.21,2.91
2016-09-01,28.47,7.54,90.11,3.54
2016-09-02,28.21,7.44,90.23,3.09
2016-09-03,27.89,8.67,89.49,3.21
2016-09-04,28.34,2.44,87.22,3.42
2016-09-05,28.32,1.03,86.76,3.41
2016-09-06,28.27,1.64,87.5,3.45
2016-09-07,28.39,3.22,87.38,3.33
2016-09-08,28.54,2.34,87.76,2.81
2016-09-09,28.61,3.53,87.48,2.43
2016-09-10,28.26,4.17,87.74,2.19
2016-09-11,28.61,5.55,87.67,2.44
2016-09-12,29.41,1.1,85.33,1.92
2016-09-13,30.28,1.4,83.2,1.52
2016-09-14,29.74,9.14,85.54,1.98
2016-09-15,28.52,31.53,91.38,3.25
2016-09-16,27.28,60.5,94.27,4.46
2016-09-17,26.7,110.96,95.26,4.35
2016-09-18,27.07,31.31,93.56,5.24
2016-09-19,27.4,17.23,91.17,4.98
2016-09-20,27.59,41.94,90.91,5.28
2016-09-21,27.65,84.9,92.51,4.35
2016-09-22,27.48,62.73,93.15,5.06
2016-09-23,27.54,46.91,94.52,4.0
2016-09-24,27.69,41.01,93.57,4.71
2016-09-25,27.4,9.39,93.55,3.7
2016-09-26,27.92,5.64,92.1,4.04
2016-09-27,29.34,1.89,90.44,3.74
2016-09-28,29.69,0.52,90.83,3.55
2016-09-29,29.12,0.29,89.79,3.34
2016-09-30,28.79,0.63,89.59,3.08
2016-10-01,27.04,20.82,90.94,3.28
2016-10-02,27.72,17.78,91.98,3.18
2016-10-03,28.52,12.59,92.81,3.35
2016-10-04,27.5,25.48,92.38,4.65
2016-10-05,27.86,12.05,90.46,4.35
2016-10-06,28.08,4.14,91.03,3.93
2016-10-07,29.08,1.46,90.81,3.09
2016-10-08,29.67,0.26,89.82,2.74
2016-10-09,30.83,2.15,87.57,1.92
2016-10-10,30.39,2.21,88.42,2.47
2016-10-11,30.43,0.65,87.87,2.13
2016-10-12,29.87,0.72,87.83,2.43
2016-10-13,30.5,0.0,82.71,2.33
2016-10-14,31.86,0.17,77.75,2.39
2016-10-15,31.75,0.01,73.23,2.21
2016-10-16,31.57,0.0,69.65,2.19
2016-10-17,31.48,0.0,70.09,2.2
2016-10-18,31.85,0.0,69.67,2.84
2016-10-19,32.1,0.0,70.42,2.79
2016-10-20,31.9,0.0,70.78,2.66
2016-10-21,31.66,0.0,71.83,2.66
2016-10-22,31.51,0.0,73.67,2.61
2016-10-23,30.93,0.0,75.73,2.68
2016-10-24,29.5,0.0,75.38,2.63
2016-10-25,29.24,0.0,75.79,2.71
2016-10-26,30.51,0.0,70.27,2.82
2016-10-27,31.22,0.0,70.2,3.4
2016-10-28,31.44,0.0,66.2,3.08
2016-10-29,31.62,0.0,60.64,2.64
2016-10-30,31.04,0.0,63.31,3.07
2016-10-31,31.35,0.0,76.33,3.97
2016-11-01,31.08,0.0,67.59,4.11
2016-11-02,31.08,0.0,62.54,3.77
2016-11-03,30.19,0.0,66.7,3.95
2016-11-04,29.2,0.0,66.73,2.86
2016-11-05,30.02,0.0,68.04,2.7
2016-11-06,29.73,0.0,62.84,2.82
2016-11-07,30.59,0.0,64.08,3.23
2016-11-08,30.92,0.0,63.17,3.24
2016-11-09,30.12,0.0,62.14,3.28
2016-11-10,30.1,0.0,60.28,3.25
2016-11-11,30.69,0.0,58.83,3.01
2016-11-12,30.44,0.0,61.58,3.44
2016-11-13,30.53,0.0,61.3,3.74
2016-11-14,31.03,0.0,65.57,3.25
2016-11-15,32.58,0.0,68.49,3.0
2016-11-16,32.66,0.0,73.81,3.57
2016-11-17,30.85,0.0,66.66,4.44
2016-11-18,30.03,0.0,61.88,4.25
2016-11-19,30.82,0.0,54.49,3.62
2016-11-20,31.24,0.05,55.38,3.54
2016-11-21,31.19,0.0,54.94,3.37
2016-11-22,31.05,0.0,56.51,3.46
2016-11-23,31.59,0.0,56.41,3.32
2016-11-24,31.26,0.0,55.9,3.62
2016-11-25,31.17,0.0,55.34,4.1
2016-11-26,32.3,0.0,55.24,3.47
2016-11-27,32.44,0.0,55.35,3.23
2016-11-28,33.43,0.01,56.82,3.14
2016-11-29,32.31,0.02,57.47,2.64
2016-11-30,32.05,0.0,58.3,2.64
2016-12-01,31.9,0.01,58.54,2.73
2016-12-02,31.87,0.0,60.21,3.58
2016-12-03,31.91,0.0,62.12,4.49
2016-12-04,32.56,0.0,68.14,3.91
2016-12-05,32.06,0.0,68.52,3.2
2016-12-06,31.14,0.0,57.42,3.55
2016-12-07,31.07,0.0,55.83,3.81
2016-12-08,30.83,0.0,51.26,3.22
2016-12-09,30.81,0.0,53.45,2.8
2016-12-10,30.53,0.0,51.58,2.96
2016-12-11,31.29,0.0,54.53,3.24
2016-12-12,32.07,0.0,53.29,3.38
2016-12-13,32.77,0.0,52.88,3.65
2016-12-14,32.51,0.0,56.69,4.07
2016-12-15,33.11,0.01,66.54,3.14
2016-12-16,32.89,0.0,60.79,3.64
2016-12-17,33.18,0.0,61.69,2.76
2016-12-18,32.66,0.0,57.16,2.98
2016-12-19,32.2,0.0,55.49,2.62
2016-12-20,32.65,0.0,49.64,3.48
2016-12-21,32.8,0.01,47.26,3.22
2016-12-22,33.18,0.0,49.86,2.96
2016-12-23,33.86,0.0,48.55,2.93
2016-12-24,33.58,0.0,48.43,2.61
2016-12-25,32.8,0.0,48.29,2.73
2016-12-26,33.58,0.0,47.4,3.27
2016-12-27,32.87,0.0,41.22,3.86
2016-12-28,32.97,0.0,42.33,4.11
2016-12-29,33.38,0.0,43.57,3.33
2016-12-30,33.49,0.0,45.88,3.27
2016-12-31,32.67,0.0,51.53,2.61
2017-01-01,32.24,0.0,55.22,2.43
2017-01-02,32.65,0.0,49.87,3.01
2017-01-03,33.11,0.0,44.02,3.39
2017-01-04,32.63,0.0,44.38,3.21
2017-01-05,32.56,0.0,48.28,2.96
2017-01-06,30.27,0.0,54.57,2.5
2017-01-07,28.92,0.0,68.94,2.19
2017-01-08,29.23,0.0,75.3,2.19
2017-01-09,28.68,0.0,66.92,2.76
2017-01-10,30.57,0.0,49.68,2.94
2017-01-11,30.03,0.0,47.25,3.29
2017-01-12,29.9,0.0,44.42,2.91
2017-01-13,30.47,0.0,49.5,2.37
2017-01-14,31.44,0.0,55.83,3.92
2017-01-15,31.63,0.0,67.78,2.68
2017-01-16,31.22,0.0,62.77,2.42
2017-01-17,31.28,0.0,52.39,2.67
2017-01-18,32.41,0.0,45.72,2.75
2017-01-19,32.49,0.0,47.78,3.49
2017-01-20,32.87,0.0,42.89,4.08
2017-01-21,33.96,0.0,44.28,3.85
2017-01-22,35.5,0.0,44.15,3.14
2017-01-23,35.68,0.0,41.73,3.47
2017-01-24,36.05,0.0,40.95,3.35
2017-01-25,35.36,0.0,41.6,3.18
2017-01-26,34.27,0.0,44.09,2.99
2017-01-27,33.33,0.0,48.17,3.27
2017-01-28,35.46,0.0,37.17,4.1
2017-01-29,35.92,0.0,31.28,4.1
2017-01-30,36.11,0.0,33.11,2.87
2017-01-31,35.42,0.0,33.59,2.92
2017-02-01,36.59,0.0,31.11,2.85
2017-02-02,36.78,0.0,34.34,2.82
2017-02-03,35.61,0.0,42.15,2.76
2017-02-04,34.67,0.0,57.31,2.69
2017-02-05,31.13,0.07,70.77,3.41
2017-02-06,31.99,0.0,51.6,2.81
2017-02-07,34.56,0.0,33.04,3.03
2017-02-08,35.3,0.0,37.46,2.63
2017-02-09,35.03,0.0,40.65,2.85
2017-02-10,35.2,0.0,35.15,3.09
2017-02-11,32.08,0.0,48.95,2.13
2017-02-12,35.01,0.0,43.43,2.47
2017-02-13,36.85,0.0,34.86,2.82
2017-02-14,37.7,0.0,34.05,3.93
2017-02-15,37.38,0.0,34.81,3.8
2017-02-16,38.31,0.0,31.77,3.87
2017-02-17,39.24,0.0,30.19,3.6
2017-02-18,40.17,0.0,25.66,3.38
2017-02-19,39.17,0.0,26.81,3.51
2017-02-20,37.19,0.0,36.45,3.0
2017-02-21,33.52,0.0,64.89,2.42
2017-02-22,34.58,0.0,57.12,2.45
2017-02-23,38.1,0.0,42.03,3.59
2017-02-24,40.31,0.0,24.6,3.91
2017-02-25,40.68,0.0,16.82,4.19
2017-02-26,40.18,0.0,20.46,3.52
2017-02-27,39.71,0.03,29.5,3.06
2017-02-28,40.1,0.03,23.51,2.94
2017-03-01,39.93,0.04,25.29,3.13
2017-03-02,38.49,0.03,31.21,3.41
2017-03-03,37.07,0.13,40.3,2.69
2017-03-04,35.86,0.0,45.1,2.34
2017-03-05,36.86,0.01,46.43,2.38
2017-03-06,35.7,0.52,46.46,2.12
2017-03-07,34.65,0.0,48.59,2.51
2017-03-08,35.43,0.02,54.04,3.05
2017-03-09,34.81,0.0,53.38,2.95
2017-03-10,31.46,0.48,63.74,3.6
2017-03-11,31.71,0.0,54.75,3.57
2017-03-12,34.31,0.0,40.91,3.21
2017-03-13,36.18,0.0,27.18,2.83
2017-03-14,37.5,0.0,26.64,2.83
2017-03-15,38.35,0.1,41.28,2.9
2017-03-16,36.5,0.08,53.36,2.5
2017-03-17,36.21,0.0,50.67,2.51
2017-03-18,37.48,0.0,50.93,3.15
2017-03-19,36.32,0.0,53.45,3.07
2017-03-20,38.72,0.04,54.65,2.8
2017-03-21,39.32,0.1,51.65,2.4
2017-03-22,39.83,0.0,44.76,2.8
2017-03-23,40.08,0.0,46.67,3.14
2017-03-24,39.42,0.0,51.3,2.9
2017-03-25,41.16,0.01,47.61,2.81
2017-03-26,42.14,0.02,43.99,2.84
2017-03-27,44.0,0.05,36.79,3.32
2017-03-28,44.11,0.13,43.4,2.84
2017-03-29,41.02,0.04,60.78,3.2
2017-03-30,38.33,0.02,60.59,2.77
2017-03-31,42.12,0.02,48.69,2.57
2017-04-01,40.15,0.03,52.98,2.76
2017-04-02,38.71,0.0,53.78,2.79
2017-04-03,38.27,0.0,56.99,2.55
2017-04-04,38.24,0.02,61.81,2.77
2017-04-05,38.29,0.03,62.9,2.93
2017-04-06,37.57,0.02,63.09,3.14
2017-04-07,36.86,0.0,56.76,3.3
2017-04-08,39.48,0.0,42.72,2.87
2017-04-09,42.98,0.0,27.96,2.94
2017-04-10,42.75,0.0,31.21,2.67
2017-04-11,43.3,0.0,36.4,3.04
2017-04-12,42.74,0.0,48.8,2.49
2017-04-13,43.46,0.0,47.94,2.81
2017-04-14,40.75,0.0,54.85,2.97
2017-04-15,39.49,0.0,57.62,3.08
2017-04-16,41.63,0.0,47.3,2.9
2017-04-17,41.46,0.0,53.49,3.7
2017-04-18,42.15,0.0,47.77,4.17
2017-04-19,39.77,0.0,50.79,3.2
2017-04-20,38.56,0.0,60.82,2.91
2017-04-21,37.13,0.0,62.86,3.57
2017-04-22,37.21,0.0,62.15,3.48
2017-04-23,37.19,0.01,61.72,3.08
2017-04-24,36.84,0.01,60.69,2.9
2017-04-25,36.7,0.0,55.91,3.01
2017-04-26,37.55,0.01,56.1,3.2
2017-04-27,39.49,0.0,53.69,3.04
2017-04-28,39.11,0.0,51.83,3.07
2017-04-29,38.34,0.02,55.6,2.59
2017-04-30,37.79,0.03,57.34,2.28
2017-05-01,39.91,0.05,56.32,2.56
2017-05-02,39.17,0.03,55.21,2.7
2017-05-03,39.36,0.12,55.89,2.77
2017-05-04,40.43,0.26,55.28,2.67
2017-05-05,41.18,0.26,51.92,2.59
2017-05-06,40.73,0.12,51.78,2.86
2017-05-07,39.42,0.11,52.79,3.0
2017-05-08,40.32,0.17,53.89,2.8
2017-05-09,39.99,0.1,55.84,2.97
2017-05-10,40.53,0.02,52.97,2.82
2017-05-11,40.47,0.28,55.2,2.84
2017-05-12,41.05,1.82,54.35,2.84
2017-05-13,40.92,1.94,50.62,2.65
2017-05-14,36.97,2.08,58.34,2.9
2017-05-15,36.42,0.62,63.35,3.56
2017-05-16,37.19,0.11,62.55,3.11
2017-05-17,37.63,0.03,63.11,3.01
2017-05-18,37.65,0.02,61.65,2.74
2017-05-19,37.56,0.02,60.49,3.26
2017-05-20,38.26,0.01,59.73,3.47
2017-05-21,37.17,0.04,60.26,3.63
2017-05-22,38.81,0.07,59.62,3.6
2017-05-23,40.51,0.13,58.76,3.8
2017-05-24,37.34,0.14,63.33,2.85
2017-05-25,38.35,0.04,62.93,3.4
2017-05-26,37.66,0.04,64.11,3.62
2017-05-27,36.4,0.17,64.19,4.48
2017-05-28,36.92,0.35,61.01,4.95
2017-05-29,36.33,1.07,67.09,5.66
2017-05-30,35.83,2.21,69.38,6.39
2017-05-31,36.04,1.02,70.1,4.59
2017-06-01,34.46,3.67,73.73,2.42
2017-06-02,34.25,3.92,74.93,2.38
2017-06-03,37.52,8.88,70.9,4.56
2017-06-04,33.67,3.06,74.33,4.35
2017-06-05,34.39,1.32,72.24,4.24
2017-06-06,34.5,3.32,73.29,4.36
2017-06-07,31.73,18.25,79.69,4.49
2017-06-08,31.13,19.6,80.33,3.52
2017-06-09,29.92,25.36,84.38,3.11
2017-06-10,31.23,14.79,83.28,4.23
2017-06-11,30.31,42.97,86.97,3.08
2017-06-12,30.27,37.36,86.2,2.6
2017-06-13,30.65,11.52,86.53,3.07
2017-06-14,32.28,7.2,83.59,3.42
2017-06-15,31.5,6.76,82.79,2.93
2017-06-16,30.72,5.9,86.02,3.11
2017-06-17,31.67,9.48,83.87,2.71
2017-06-18,31.74,4.37,83.86,3.56
2017-06-19,32.43,3.74,81.75,4.06
2017-06-20,32.41,3.19,79.97,5.23
2017-06-21,32.14,5.02,79.72,6.09
2017-06-22,31.42,15.86,82.14,5.62
2017-06-23,31.52,12.18,82.87,5.22
2017-06-24,31.39,31.42,83.45,5.57
2017-06-25,29.94,59.72,88.19,4.71
2017-06-26,28.63,56.71,90.03,5.27
2017-06-27,29.07,49.52,88.71,7.62
2017-06-28,29.62,47.65,87.78,8.3
2017-06-29,29.75,46.64,88.49,7.77
2017-06-30,29.51,33.27,87.19,7.7
2017-07-01,29.42,43.44,88.04,7.21
2017-07-02,28.6,30.43,89.72,6.5
2017-07-03,29.75,13.59,87.86,5.76
2017-07-04,29.23,13.33,87.95,6.13
2017-07-05,29.13,8.29,88.14,5.7
2017-07-06,29.05,9.77,88.75,4.81
2017-07-07,29.42,10.43,87.51,4.4
2017-07-08,29.16,10.3,88.64,3.4
2017-07-09,29.39,13.39,88.08,3.21
2017-07-10,29.56,11.07,88.01,3.12
2017-07-11,28.99,9.75,88.27,4.43
2017-07-12,28.85,12.36,88.17,5.26
2017-07-13,28.52,48.94,89.7,6.05
2017-07-14,28.27,99.47,90.2,7.14
2017-07-15,27.97,53.21,90.23,7.01
2017-07-16,28.19,39.73,89.72,6.2
2017-07-17,27.83,77.93,91.55,6.28
2017-07-18,27.15,65.82,94.04,6.04
2017-07-19,27.66,76.71,93.85,5.34
2017-07-20,27.7,57.48,92.93,6.98
2017-07-21,28.18,62.51,91.95,8.0
2017-07-22,27.96,57.65,91.24,7.43
2017-07-23,27.45,48.88,91.95,7.49
2017-07-24,28.46,22.7,90.74,6.76
2017-07-25,28.37,9.55,90.14,6.32
2017-07-26,28.47,10.96,89.58,5.97
2017-07-27,28.33,20.81,90.22,5.7
2017-07-28,28.59,26.17,90.69,5.64
2017-07-29,28.98,20.86,89.92,5.13
2017-07-30,28.75,12.04,90.45,4.77
2017-07-31,28.79,18.9,90.05,4.81
2017-08-01,28.88,14.04,89.55,4.72
2017-08-02,28.83,5.29,89.57,4.59
2017-08-03,28.91,9.02,90.12,5.12
2017-08-04,28.8,4.16,90.7,4.49
2017-08-05,28.67,1.19,89.77,4.09
2017-08-06,29.1,1.94,89.24,3.25
2017-08-07,29.12,3.97,89.4,3.37
2017-08-08,29.56,2.45,89.36,3.15
2017-08-09,28.84,2.87,89.97,3.57
2017-08-10,29.11,6.21,88.73,4.03
2017-08-11,29.44,8.84,88.15,3.72
2017-08-12,29.47,5.69,87.88,3.88
2017-08-13,28.67,6.51,87.86,4.52
2017-08-14,28.86,16.71,88.75,3.11
2017-08-15,28.99,14.9,89.1,2.43
2017-08-16,28.99,5.22,89.17,2.91
2017-08-17,29.43,3.73,88.4,3.4
2017-08-18,28.9,4.23,89.11,3.2
2017-08-19,29.1,11.98,88.79,4.3
2017-08-20,26.43,113.2,92.95,4.67
2017-08-21,25.86,8.2,91.43,5.77
2017-08-22,29.03,11.71,87.44,3.74
2017-08-23,29.39,5.68,89.08,3.21
2017-08-24,29.16,12.63,89.58,3.56
2017-08-25,28.4,37.28,92.34,4.45
2017-08-26,28.62,36.79,91.05,4.64
2017-08-27,28.05,44.41,92.92,4.24
2017-08-28,26.76,96.64,93.33,4.24
2017-08-29,27.19,143.89,92.87,6.75
2017-08-30,28.3,23.01,90.4,5.6
2017-08-31,28.66,6.17,90.74,4.63
2017-09-01,29.05,4.56,90.02,3.56
2017-09-02,28.98,15.82,90.06,3.25
2017-09-03,28.8,8.11,89.64,2.71
2017-09-04,29.77,0.7,86.42,2.2
2017-09-05,29.59,0.69,88.05,2.32
2017-09-06,29.56,0.39,87.31,2.17
2017-09-07,29.88,1.54,88.48,2.91
2017-09-08,30.08,5.05,88.92,2.99
2017-09-09,31.13,5.0,88.06,2.17
2017-09-10,30.08,9.22,91.48,2.25
2017-09-11,32.88,3.46,86.01,1.78
2017-09-12,31.98,28.44,81.89,1.71
2017-09-13,31.67,12.91,83.54,1.88
2017-09-14,30.94,20.87,85.39,1.78
2017-09-15,29.41,17.05,87.73,1.67
2017-09-16,29.31,7.93,86.86,2.26
2017-09-17,29.49,8.47,89.38,2.7
2017-09-18,27.81,31.17,94.15,3.26
2017-09-19,27.76,123.94,93.62,7.43
2017-09-20,27.69,93.07,91.58,5.64
2017-09-21,28.65,20.33,88.89,2.69
2017-09-22,29.0,27.97,87.63,2.5
2017-09-23,28.9,1.05,89.53,2.48
2017-09-24,30.01,0.15,88.46,2.48
2017-09-25,30.2,0.06,88.46,2.47
2017-09-26,30.55,1.12,87.78,2.44
2017-09-27,31.0,1.13,87.73,2.46
2017-09-28,31.36,2.56,87.62,2.61
2017-09-29,30.13,11.08,89.51,2.61
2017-09-30,31.59,8.11,87.41,2.2
2017-10-01,31.7,1.36,85.48,2.21
2017-10-02,32.19,0.73,83.2,2.13
2017-10-03,32.23,0.18,80.33,1.99
2017-10-04,34.0,0.02,73.69,2.37
2017-10-05,34.03,0.01,73.3,2.59
2017-10-06,31.55,16.95,79.48,3.07
2017-10-07,32.92,8.44,84.02,2.19
2017-10-08,32.6,22.68,83.27,1.53
2017-10-09,31.92,4.64,85.5,1.63
2017-10-10,30.85,10.04,85.78,1.71
2017-10-11,30.14,14.76,88.81,3.64
2017-10-12,31.22,3.01,85.75,2.07
2017-10-13,30.69,17.79,85.95,1.34
2017-10-14,29.89,23.18,88.21,1.34
2017-10-15,31.39,5.52,85.06,1.52
2017-10-16,32.23,3.97,83.5,1.44
2017-10-17,32.59,1.13,79.91,1.64
2017-10-18,32.31,0.0,71.2,2.68
2017-10-19,31.9,0.0,69.51,2.55
2017-10-20,31.1,0.0,68.59,1.96
2017-10-21,29.76,0.0,86.33,2.25
2017-10-22,30.5,1.1,84.27,1.88
2017-10-23,31.49,0.51,80.25,2.04
2017-10-24,32.56,0.0,66.27,3.11
2017-10-25,32.84,0.0,61.0,2.75
2017-10-26,33.24,0.0,63.24,2.93
2017-10-27,32.18,0.28,68.8,2.61
2017-10-28,31.95,0.02,65.9,2.8
2017-10-29,31.83,0.0,68.01,2.84
2017-10-30,31.7,0.0,67.25,3.23
2017-10-31,31.67,0.0,65.13,3.54
2017-11-01,31.6,0.0,65.36,3.86
2017-11-02,31.04,0.0,64.53,4.15
2017-11-03,30.78,0.0,66.56,3.99
2017-11-04,29.94,0.0,69.73,4.65
2017-11-05,30.17,0.33,72.03,4.93
2017-11-06,31.61,0.0,71.57,4.25
2017-11-07,31.2,0.0,63.18,2.97
2017-11-08,31.63,0.0,67.12,2.95
2017-11-09,30.75,0.0,68.49,2.68
2017-11-10,30.78,0.0,68.02,3.01
2017-11-11,30.3,0.0,65.71,3.31
2017-11-12,30.46,0.0,59.14,2.9
2017-11-13,29.87,0.0,60.52,2.36
2017-11-14,29.09,0.0,65.2,2.18
2017-11-15,29.37,0.0,69.82,2.68
2017-11-16,29.31,0.0,74.58,2.55
2017-11-17,30.48,0.0,71.58,2.35
2017-11-18,31.56,0.0,67.06,2.57
2017-11-19,31.34,0.0,68.22,2.98
2017-11-20,30.11,0.49,75.54,3.29
2017-11-21,31.29,0.07,74.78,3.02
2017-11-22,31.23,0.05,74.98,2.76
2017-11-23,31.77,0.0,71.92,2.99
2017-11-24,29.92,0.0,67.98,2.61
2017-11-25,31.12,0.0,68.29,2.58
2017-11-26,31.25,0.0,65.21,3.15
2017-11-27,31.69,0.0,58.65,3.2
2017-11-28,30.7,0.0,58.75,2.33
2017-11-29,30.42,0.0,59.61,2.68
2017-11-30,30.37,0.0,60.52,3.55
2017-12-01,30.3,0.0,62.38,4.22
2017-12-02,30.11,0.0,68.15,4.6
2017-12-03,30.06,0.0,67.33,3.9
2017-12-04,26.77,1.39,74.99,3.42
2017-12-05,28.02,43.68,86.29,6.09
2017-12-06,27.92,0.96,89.24,4.33
2017-12-07,26.96,0.08,87.15,2.02
2017-12-08,30.5,0.0,78.28,2.06
2017-12-09,30.91,0.0,74.7,2.43
2017-12-10,30.42,0.01,76.33,2.38
2017-12-11,27.42,0.0,84.19,1.99
2017-12-12,27.15,0.68,84.43,2.25
2017-12-13,25.97,0.0,81.24,2.18
2017-12-14,27.5,0.0,76.14,2.06
2017-12-15,29.42,0.0,73.04,2.24
2017-12-16,30.87,0.0,69.82,2.71
2017-12-17,30.18,0.0,62.16,4.07
2017-12-18,27.92,0.0,68.93,4.25
2017-12-19,28.7,0.47,59.79,4.21
2017-12-20,28.4,0.0,54.61,4.18
2017-12-21,30.39,0.0,51.17,4.54
2017-12-22,29.19,0.0,54.31,3.9
2017-12-23,30.79,0.0,56.52,3.6
2017-12-24,30.65,0.0,58.18,2.84
2017-12-25,31.22,0.0,55.89,2.93
2017-12-26,30.13,0.0,51.03,4.45
2017-12-27,30.27,0.0,51.85,3.74
2017-12-28,30.29,0.0,49.46,3.66
2017-12-29,30.61,0.0,48.98,3.0
2017-12-30,29.93,0.0,52.6,2.23
2017-12-31,30.46,0.0,56.84,2.58
2018-01-01,29.48,0.0,60.72,2.83
2018-01-02,29.7,0.0,58.78,2.83
2018-01-03,30.4,0.0,61.22,3.0
2018-01-04,30.07,0.0,62.05,1.96
2018-01-05,29.72,0.0,63.0,2.65
2018-01-06,28.49,0.0,56.46,2.57
2018-01-07,28.2,0.0,56.87,2.36
2018-01-08,29.07,0.0,60.41,2.38
2018-01-09,30.15,0.0,57.8,2.66
2018-01-10,31.1,0.0,56.09,3.63
2018-01-11,32.82,0.0,56.19,3.08
2018-01-12,33.12,0.0,57.19,3.25
2018-01-13,33.44,0.0,56.19,2.94
2018-01-14,34.31,0.0,54.14,2.55
2018-01-15,34.66,0.0,58.84,2.7
2018-01-16,34.3,0.0,51.7,2.99
2018-01-17,33.63,0.0,51.89,2.66
2018-01-18,33.51,0.0,52.07,2.96
2018-01-19,32.82,0.0,52.77,2.74
2018-01-20,32.6,0.0,52.36,2.41
2018-01-21,33.0,0.05,53.66,2.55
2018-01-22,31.63,0.57,54.91,2.49
2018-01-23,29.57,1.46,64.5,2.67
2018-01-24,29.95,0.0,58.17,2.52
2018-01-25,31.02,0.0,48.27,2.76
2018-01-26,31.84,0.0,41.48,2.87
2018-01-27,31.72,0.0,44.69,2.81
2018-01-28,31.35,0.0,53.82,2.59
2018-01-29,33.44,0.0,50.27,2.63
2018-01-30,33.8,0.0,41.93,3.51
2018-01-31,34.5,0.0,39.62,3.38
2018-02-01,34.51,0.0,41.02,2.63
2018-02-02,34.5,0.07,46.41,2.69
2018-02-03,34.24,0.0,45.85,2.57
2018-02-04,34.45,0.0,44.34,2.54
2018-02-05,35.3,0.87,47.08,2.54
2018-02-06,31.41,4.02,50.74,2.57
2018-02-07,32.91,0.87,49.61,2.17
2018-02-08,31.68,0.07,62.39,2.06
2018-02-09,31.73,0.0,57.71,2.29
2018-02-10,31.75,0.01,50.25,2.25
2018-02-11,30.83,0.48,62.68,2.71
2018-02-12,30.19,0.0,63.96,2.32
2018-02-13,32.49,0.0,54.29,2.64
2018-02-14,35.06,0.0,47.56,3.93
2018-02-15,35.45,0.0,48.75,4.36
2018-02-16,35.59,0.0,44.18,3.27
2018-02-17,35.9,0.0,38.42,3.05
2018-02-18,36.25,0.0,34.26,3.08
2018-02-19,36.9,0.0,34.24,2.67
2018-02-20,37.04,0.0,40.6,2.78
2018-02-21,36.88,0.0,37.19,2.89
2018-02-22,37.35,0.0,37.27,2.97
2018-02-23,37.5,0.0,38.59,2.61
2018-02-24,37.48,0.0,36.71,2.91
2018-02-25,38.53,0.0,35.27,3.02
2018-02-26,38.67,0.0,34.73,2.8
2018-02-27,39.52,0.0,33.11,3.02
2018-02-28,39.86,0.0,34.21,3.15
2018-03-01,38.35,0.0,38.47,1.86
2018-03-02,38.29,0.0,39.06,2.43
2018-03-03,37.83,0.0,34.19,2.41
2018-03-04,36.44,0.0,49.72,2.32
2018-03-05,37.47,0.0,46.84,3.21
2018-03-06,39.32,0.0,36.3,3.04
2018-03-07,38.59,0.0,37.1,2.78
2018-03-08,38.07,0.0,52.23,2.18
2018-03-09,39.19,0.01,51.31,3.23
2018-03-10,38.68,0.06,43.83,3.08
2018-03-11,39.95,0.08,33.45,3.75
2018-03-12,41.03,0.0,25.33,3.65
2018-03-13,39.51,0.09,29.34,3.6
2018-03-14,38.1,0.0,26.85,4.13
2018-03-15,34.67,0.06,38.05,2.05
2018-03-16,36.86,0.08,42.69,2.54
2018-03-17,37.39,0.0,37.46,2.56
2018-03-18,37.56,0.61,51.08,2.3
2018-03-19,36.79,0.11,46.24,2.31
2018-03-20,36.03,0.0,53.45,2.88
2018-03-21,35.9,0.0,54.19,3.48
2018-03-22,34.86,0.0,53.89,3.25
2018-03-23,32.92,0.0,52.77,2.22
2018-03-24,39.58,0.0,34.46,2.57
2018-03-25,41.83,0.02,23.17,2.78
2018-03-26,42.99,0.0,22.43,3.99
2018-03-27,39.92,0.06,39.46,2.43
2018-03-28,38.76,0.15,52.46,2.74
2018-03-29,38.44,0.06,52.78,2.51
2018-03-30,38.45,0.05,58.15,2.23
2018-03-31,36.28,0.05,61.2,2.24
2018-04-01,39.38,0.0,55.62,2.71
2018-04-02,39.48,0.0,52.29,2.61
2018-04-03,39.58,0.01,51.83,2.6
2018-04-04,39.61,0.11,49.12,2.7
2018-04-05,38.98,0.15,55.49,2.46
2018-04-06,36.52,0.1,56.27,2.13
2018-04-07,39.57,0.08,54.1,2.86
2018-04-08,39.52,0.05,45.99,2.62
2018-04-09,40.22,0.03,41.15,3.11
2018-04-10,39.95,0.0,38.72,2.67
2018-04-11,38.82,0.03,48.8,2.25
2018-04-12,38.89,0.02,52.13,2.39
2018-04-13,39.14,0.01,51.44,2.71
2018-04-14,39.13,0.02,52.66,2.44
2018-04-15,40.3,0.05,50.15,2.51
2018-04-16,40.34,0.03,53.46,3.1
2018-04-17,42.54,0.1,48.99,2.61
2018-04-18,41.98,0.04,48.97,2.96
2018-04-19,41.08,0.06,50.51,2.8
2018-04-20,38.44,0.05,57.0,3.27
2018-04-21,39.22,0.04,49.11,3.19
2018-04-22,40.06,0.0,47.3,3.57
2018-04-23,40.09,0.0,48.66,2.7
2018-04-24,40.27,0.0,45.07,2.64
2018-04-25,39.41,0.0,48.96,2.76
2018-04-26,38.8,0.0,52.69,2.49
2018-04-27,40.09,0.0,53.75,2.74
2018-04-28,39.95,0.0,57.95,2.81
2018-04-29,38.46,0.02,60.49,2.79
2018-04-30,38.61,0.01,61.05,3.09
2018-05-01,38.63,0.0,60.28,2.89
2018-05-02,38.69,0.0,62.63,2.77
2018-05-03,39.38,0.01,57.49,2.46
2018-05-04,39.2,0.03,55.46,2.47
2018-05-05,38.57,0.01,56.85,2.48
2018-05-06,39.42,0.04,56.66,2.59
2018-05-07,38.14,0.04,56.41,2.86
2018-05-08,39.17,0.01,55.36,3.17
2018-05-09,41.03,0.03,54.33,3.88
2018-05-10,40.52,0.09,53.47,2.82
2018-05-11,39.04,0.04,54.48,3.38
2018-05-12,36.52,0.03,58.01,2.92
2018-05-13,38.17,0.06,57.6,2.89
2018-05-14,39.41,0.28,57.47,3.3
2018-05-15,38.09,0.13,59.91,2.88
2018-05-16,39.12,0.14,59.11,3.21
2018-05-17,40.92,0.46,57.42,3.13
2018-05-18,38.97,0.62,57.41,3.73
2018-05-19,37.79,0.17,59.59,3.12
2018-05-20,39.29,0.08,59.54,2.97
2018-05-21,38.11,0.08,60.41,2.68
2018-05-22,38.39,0.02,54.05,2.86
2018-05-23,38.74,0.02,53.91,2.62
2018-05-24,37.58,0.1,60.09,3.5
2018-05-25,37.66,0.07,59.37,4.01
2018-05-26,39.26,0.34,60.21,4.1
2018-05-27,36.81,0.41,70.02,2.88
2018-05-28,37.59,0.4,67.71,4.48
2018-05-29,35.16,0.46,68.47,4.62
2018-05-30,35.97,0.77,66.76,4.3
2018-05-31,37.29,0.24,65.16,4.06
2018-06-01,37.52,1.47,64.48,2.45
2018-06-02,37.78,5.42,64.99,2.8
2018-06-03,33.5,5.45,73.14,3.17
2018-06-04,32.49,9.17,77.57,2.71
2018-06-05,34.25,4.41,74.04,2.02
2018-06-06,32.27,6.2,75.13,2.47
2018-06-07,32.92,12.19,81.2,4.01
2018-06-08,31.03,18.26,84.09,5.23
2018-06-09,29.92,38.23,86.15,5.66
2018-06-10,32.05,23.9,82.62,6.21
2018-06-11,31.76,5.49,82.46,6.17
2018-06-12,32.56,0.97,79.61,6.35
2018-06-13,33.11,0.97,77.47,5.87
2018-06-14,33.08,0.92,77.51,4.93
2018-06-15,32.2,15.08,80.81,5.21
2018-06-16,32.36,17.81,79.67,5.3
2018-06-17,31.19,36.58,82.43,5.94
2018-06-18,31.04,15.6,84.71,4.43
2018-06-19,31.43,1.64,84.19,3.3
2018-06-20,31.06,2.96,83.91,3.5
2018-06-21,30.06,29.79,85.95,4.48
2018-06-22,30.5,12.73,85.2,3.68
2018-06-23,29.17,48.61,87.76,4.03
2018-06-24,28.92,76.01,88.68,5.1
2018-06-25,28.44,65.96,90.09,5.2
2018-06-26,29.45,22.12,87.93,6.5
2018-06-27,29.95,8.56,86.39,5.77
2018-06-28,30.02,16.63,86.34,5.03
2018-06-29,28.99,19.59,89.02,4.61
2018-06-30,29.27,16.2,89.07,4.84
2018-07-01,30.19,6.51,87.57,4.92
2018-07-02,29.45,23.62,90.08,5.7
2018-07-03,28.8,65.67,90.97,6.43
2018-07-04,28.43,61.71,91.07,6.35
2018-07-05,28.42,46.57,90.73,5.42
2018-07-06,28.94,28.37,90.09,4.54
2018-07-07,27.8,67.82,92.88,4.79
2018-07-08,28.36,53.89,91.8,4.5
2018-07-09,27.27,86.26,93.56,3.92
2018-07-10,27.5,68.61,92.8,4.98
2018-07-11,28.42,23.92,91.3,5.63
2018-07-12,27.59,24.77,92.33,6.03
2018-07-13,27.99,32.91,91.62,5.12
2018-07-14,28.57,35.23,90.83,6.24
2018-07-15,27.33,73.94,93.86,6.97
2018-07-16,27.69,83.29,93.21,7.54
2018-07-17,27.7,40.31,91.88,7.79
2018-07-18,27.62,20.65,91.46,6.5
2018-07-19,28.2,19.18,90.73,6.26
2018-07-20,27.5,27.11,92.6,6.1
2018-07-21,27.61,18.51,90.86,6.73
2018-07-22,27.97,14.53,90.22,6.21
2018-07-23,27.66,15.68,90.01,6.11
2018-07-24,27.62,6.93,90.64,5.92
2018-07-25,27.78,7.35,90.42,5.76
2018-07-26,28.0,5.83,90.15,6.33
2018-07-27,28.18,4.76,89.37,6.16
2018-07-28,28.48,1.59,89.69,5.51
2018-07-29,28.49,0.9,89.79,5.15
2018-07-30,28.4,1.63,89.07,4.96
2018-07-31,28.75,2.51,89.43,4.95
2018-08-01,27.9,5.1,89.6,5.57
2018-08-02,28.32,4.24,89.12,5.33
2018-08-03,28.15,11.82,89.05,5.36
2018-08-04,27.17,15.32,89.96,5.87
2018-08-05,28.34,3.68,87.94,5.87
2018-08-06,28.0,3.82,87.89,6.49
2018-08-07,28.4,5.87,87.78,6.01
2018-08-08,27.73,4.12,89.61,5.39
2018-08-09,28.14,7.65,89.23,5.93
2018-08-10,28.78,9.63,88.71,5.45
2018-08-11,28.5,14.87,89.22,6.04
2018-08-12,27.97,20.06,88.86,7.0
2018-08-13,27.34,27.84,90.23,6.83
2018-08-14,28.23,7.75,90.32,5.54
2018-08-15,27.58,10.19,91.04,5.39
2018-08-16,27.73,31.76,90.95,6.52
2018-08-17,26.8,21.68,92.01,6.36
2018-08-18,27.73,11.6,90.38,5.93
2018-08-19,28.16,25.85,90.36,5.83
2018-08-20,27.58,35.14,91.04,5.24
2018-08-21,26.67,27.72,93.15,4.72
2018-08-22,27.84,24.27,91.4,5.62
2018-08-23,28.16,14.99,90.96,4.93
2018-08-24,28.23,14.05,90.07,4.92
2018-08-25,27.82,14.55,89.73,5.1
2018-08-26,27.67,16.74,90.13,5.15
2018-08-27,27.38,12.99,90.92,4.6
2018-08-28,27.95,9.39,90.23,3.77
2018-08-29,28.66,3.79,89.5,3.54
2018-08-30,28.37,3.53,89.74,3.94
2018-08-31,28.52,3.82,88.94,3.42
2018-09-01,28.61,8.0,89.31,3.94
2018-09-02,28.16,15.02,88.91,4.96
2018-09-03,27.94,7.97,89.28,4.72
2018-09-04,28.16,2.97,89.01,4.39
2018-09-05,28.41,2.17,87.73,4.35
2018-09-06,28.54,0.74,87.22,3.6
2018-09-07,27.91,2.36,87.14,3.24
2018-09-08,28.28,1.07,86.94,3.18
2018-09-09,28.23,1.01,86.0,2.93
2018-09-10,29.2,0.12,82.72,1.98
2018-09-11,29.58,0.09,83.9,2.1
2018-09-12,28.96,0.79,85.41,2.22
2018-09-13,28.98,1.62,85.5,2.46
2018-09-14,29.82,3.18,86.85,2.45
2018-09-15,30.49,7.81,85.69,2.08
2018-09-16,29.48,3.1,87.24,2.66
2018-09-17,29.57,0.29,85.8,2.64
2018-09-18,30.23,1.05,83.8,2.16
2018-09-19,28.97,9.67,87.33,2.42
2018-09-20,29.73,5.31,88.19,2.87
2018-09-21,31.29,3.4,87.26,2.69
2018-09-22,28.87,0.53,89.36,3.51
2018-09-23,30.08,0.13,85.87,2.77
2018-09-24,30.44,0.09,84.93,1.92
2018-09-25,30.76,0.04,84.79,2.28
2018-09-26,31.95,0.92,84.81,2.16
2018-09-27,32.44,4.53,80.7,1.7
2018-09-28,32.32,11.3,79.51,2.09
2018-09-29,33.04,4.17,79.63,2.65
2018-09-30,33.85,0.28,74.61,2.95
2018-10-01,34.2,2.15,74.39,2.61
2018-10-02,33.57,3.25,75.18,2.19
2018-10-03,32.42,3.59,79.01,1.89
2018-10-04,31.44,1.38,77.73,1.53
2018-10-05,32.65,1.24,78.88,2.66
2018-10-06,33.04,0.12,73.61,3.02
2018-10-07,34.05,0.01,71.61,3.25
2018-10-08,34.07,0.05,73.8,2.52
2018-10-09,32.83,0.02,71.84,2.05
2018-10-10,32.43,0.05,72.98,1.95
2018-10-11,32.31,0.04,74.43,2.27
2018-10-12,33.39,0.03,72.78,2.01
2018-10-13,33.96,0.02,66.23,2.72
2018-10-14,34.02,0.0,65.28,2.56
2018-10-15,33.85,0.01,64.82,2.78
2018-10-16,33.54,0.07,66.22,2.73
2018-10-17,32.83,0.86,73.2,1.71
2018-10-18,29.33,4.95,79.8,1.32
2018-10-19,32.23,2.22,74.54,1.51
2018-10-20,33.28,0.37,72.97,2.11
2018-10-21,32.45,0.33,71.37,2.08
2018-10-22,33.66,0.19,68.63,2.13
2018-10-23,34.69,0.0,58.98,2.58
2018-10-24,35.32,0.0,58.91,2.73
2018-10-25,31.66,0.46,71.23,3.58
2018-10-26,33.2,0.23,67.27,2.87
2018-10-27,33.73,0.01,64.16,3.35
2018-10-28,34.08,0.0,59.5,3.73
2018-10-29,32.48,0.0,53.87,4.12
2018-10-30,31.91,0.0,54.79,3.77
2018-10-31,32.68,0.0,63.71,3.72
2018-11-01,32.3,0.0,63.87,3.33
2018-11-02,32.91,0.0,67.59,3.05
2018-11-03,33.07,0.05,73.04,2.98
2018-11-04,33.24,1.36,74.79,1.83
2018-11-05,32.13,4.93,77.77,1.62
2018-11-06,33.62,0.2,70.21,2.29
2018-11-07,34.01,0.0,60.38,3.17
2018-11-08,34.04,0.0,58.79,2.99
2018-11-09,34.11,0.0,59.58,2.55
2018-11-10,33.55,0.0,57.83,2.65
2018-11-11,33.62,0.0,55.89,2.64
2018-11-12,33.33,0.0,55.92,2.74
2018-11-13,32.77,0.0,58.1,2.01
2018-11-14,32.43,0.0,65.98,2.12
2018-11-15,33.88,0.0,56.1,2.91
2018-11-16,34.38,0.0,50.07,3.69
2018-11-17,34.54,0.0,50.22,3.09
2018-11-18,34.46,0.0,56.7,2.4
2018-11-19,34.54,0.01,57.52,2.34
2018-11-20,33.77,0.04,61.3,2.14
2018-11-21,33.77,0.01,66.05,2.08
2018-11-22,33.85,0.0,61.22,2.92
2018-11-23,34.56,0.0,52.5,4.03
2018-11-24,34.39,0.0,53.01,3.49
2018-11-25,33.74,0.0,56.2,2.77
2018-11-26,33.47,0.0,55.73,2.61
2018-11-27,33.66,0.0,47.95,3.64
2018-11-28,32.66,0.0,47.26,3.19
2018-11-29,33.11,0.0,46.64,3.23
2018-11-30,33.51,0.0,47.85,3.37
2018-12-01,31.82,0.0,47.89,3.11
2018-12-02,32.71,0.0,51.32,2.95
2018-12-03,32.87,0.0,56.48,2.82
2018-12-04,31.16,0.0,57.77,2.97
2018-12-05,33.68,0.03,54.71,2.69
2018-12-06,32.56,0.06,57.09,2.68
2018-12-07,33.33,0.0,53.05,2.66
2018-12-08,32.54,0.0,53.24,2.68
2018-12-09,32.63,0.0,52.85,2.63
2018-12-10,31.41,0.0,50.67,2.84
2018-12-11,31.32,0.0,50.94,3.23
2018-12-12,30.13,0.1,62.34,2.89
2018-12-13,31.34,0.0,50.64,3.88
2018-12-14,32.04,0.0,45.84,4.56
2018-12-15,31.9,0.0,48.71,5.13
2018-12-16,31.62,0.0,44.72,4.51
2018-12-17,30.95,0.0,43.49,4.16
2018-12-18,31.83,0.0,53.33,3.44
2018-12-19,31.82,0.0,41.29,3.7
2018-12-20,31.87,0.0,44.71,3.63
2018-12-21,32.41,0.0,52.25,2.95
2018-12-22,33.16,0.0,46.37,2.65
2018-12-23,33.78,0.0,44.86,2.77
2018-12-24,34.25,0.0,47.33,2.99
2018-12-25,33.45,0.0,47.11,2.51
2018-12-26,30.92,0.0,41.17,3.46
2018-12-27,31.58,0.0,29.87,3.85
2018-12-28,31.32,0.0,26.67,3.81
2018-12-29,32.35,0.0,25.43,4.06
2018-12-30,32.81,0.0,27.07,3.97
2018-12-31,33.62,0.0,29.08,3.58
2019-01-01,34.02,0.0,28.82,3.48
2019-01-02,34.37,0.0,28.92,2.88
2019-01-03,34.15,0.0,31.22,2.71
2019-01-04,34.6,0.0,31.3,3.22
2019-01-05,32.71,0.0,35.35,2.65
2019-01-06,33.1,0.0,34.39,3.39
2019-01-07,34.0,0.0,30.35,3.64
2019-01-08,33.72,0.0,27.21,4.04
2019-01-09,33.66,0.0,29.19,2.71
2019-01-10,34.34,0.0,29.65,3.43
2019-01-11,33.04,0.0,33.32,2.68
2019-01-12,31.71,0.0,34.45,2.37
2019-01-13,32.57,0.0,37.12,2.91
2019-01-14,34.81,0.0,30.12,3.72
2019-01-15,34.73,0.0,32.28,4.06
2019-01-16,34.89,0.0,39.07,3.41
2019-01-17,35.58,0.0,30.35,3.08
2019-01-18,35.77,0.0,27.24,3.05
2019-01-19,35.49,0.0,32.69,3.41
2019-01-20,35.97,0.0,36.05,2.66
2019-01-21,33.03,0.0,49.0,2.35
2019-01-22,29.83,0.22,71.05,2.47
2019-01-23,29.33,0.05,67.62,3.17
2019-01-24,30.76,0.0,42.99,3.51
2019-01-25,30.29,0.0,31.03,4.52
2019-01-26,31.76,0.0,30.84,3.6
2019-01-27,32.12,0.0,37.84,4.59
2019-01-28,31.31,0.0,27.57,5.29
2019-01-29,33.02,0.0,21.57,4.67
2019-01-30,33.37,0.0,23.41,4.0
2019-01-31,33.05,0.0,30.24,2.85
2019-02-01,33.77,0.0,33.9,3.12
2019-02-02,34.07,0.0,34.29,3.05
2019-02-03,34.54,0.0,37.16,2.77
2019-02-04,36.62,0.0,41.78,4.12
2019-02-05,35.94,0.09,43.3,2.52
2019-02-06,31.85,0.04,50.15,3.0
2019-02-07,28.06,0.04,63.45,3.98
2019-02-08,26.56,0.0,51.86,3.98
2019-02-09,32.26,0.0,27.79,3.53
2019-02-10,34.69,0.0,19.49,4.44
2019-02-11,35.57,0.0,24.25,3.07
2019-02-12,37.71,0.0,27.98,3.28
2019-02-13,36.66,0.0,37.01,2.67
2019-02-14,35.36,0.0,42.92,3.25
2019-02-15,32.81,0.0,51.02,2.9
2019-02-16,33.72,0.0,45.52,3.23
2019-02-17,33.83,0.0,33.34,2.85
2019-02-18,35.85,0.0,35.45,2.85
2019-02-19,37.07,0.0,37.61,2.91
2019-02-20,38.15,0.09,43.06,3.04
2019-02-21,35.55,0.0,60.73,2.73
2019-02-22,37.77,0.0,48.11,3.41
2019-02-23,39.4,0.0,31.43,3.72
2019-02-24,37.8,0.0,24.77,3.65
2019-02-25,36.6,0.0,35.84,3.54
2019-02-26,33.63,0.0,49.45,3.5
2019-02-27,31.75,0.0,58.79,3.21
2019-02-28,33.92,0.0,43.29,2.93
2019-03-01,36.13,0.0,28.96,2.73
2019-03-02,36.83,0.01,47.38,3.43
2019-03-03,33.23,0.04,65.57,2.77
2019-03-04,32.44,0.15,69.31,2.97
2019-03-05,33.08,0.0,61.08,2.76
2019-03-06,32.14,0.0,52.92,3.25
2019-03-07,35.44,0.0,50.12,3.4
2019-03-08,36.79,0.0,39.9,3.28
2019-03-09,36.5,0.04,37.07,3.38
2019-03-10,37.71,0.0,33.7,3.3
2019-03-11,34.51,0.01,53.63,3.31
2019-03-12,36.24,0.0,52.21,2.94
2019-03-13,34.52,0.0,50.69,3.59
2019-03-14,34.16,0.0,46.95,4.17
2019-03-15,38.86,0.0,34.74,3.46
2019-03-16,38.91,0.0,31.48,2.81
2019-03-17,37.19,0.26,40.11,2.39
2019-03-18,38.72,0.0,35.4,3.12
2019-03-19,38.63,0.0,35.51,2.82
2019-03-20,36.59,0.0,51.89,2.75
2019-03-21,36.5,0.0,53.83,2.86
2019-03-22,37.37,0.0,48.66,3.01
2019-03-23,40.95,0.02,30.39,3.46
2019-03-24,41.67,0.0,21.66,3.56
2019-03-25,43.18,0.0,21.56,3.87
2019-03-26,43.26,0.0,25.02,3.75
2019-03-27,41.18,0.04,41.37,2.25
2019-03-28,42.52,0.04,41.41,2.4
2019-03-29,41.83,0.03,51.59,2.51
2019-03-30,39.78,0.02,50.2,2.67
2019-03-31,38.88,0.01,54.86,2.46
2019-04-01,38.11,0.0,55.8,2.43
2019-04-02,39.34,0.01,55.44,2.01
2019-04-03,41.83,0.02,53.49,2.5
2019-04-04,41.7,0.03,53.19,2.83
2019-04-05,38.82,0.01,58.79,2.82
2019-04-06,39.75,0.0,53.19,2.71
2019-04-07,39.37,0.0,53.54,2.39
2019-04-08,40.7,0.0,55.1,3.15
2019-04-09,39.14,0.0,51.82,2.65
2019-04-10,39.78,0.0,53.15,2.97
2019-04-11,39.37,0.21,56.41,2.83
2019-04-12,40.05,0.25,54.4,2.41
2019-04-13,43.02,0.12,42.86,3.38
2019-04-14,41.84,0.28,48.93,2.58
2019-04-15,36.52,1.56,49.74,2.14
2019-04-16,35.73,0.55,55.17,3.02
2019-04-17,36.79,0.0,48.4,3.64
2019-04-18,37.75,0.0,51.46,3.96
2019-04-19,38.98,0.0,50.45,2.97
2019-04-20,38.62,0.0,51.22,2.68
2019-04-21,38.9,0.0,52.21,2.61
2019-04-22,39.14,0.0,51.84,3.4
2019-04-23,40.59,0.0,53.37,3.52
2019-04-24,41.59,0.02,53.88,3.76
2019-04-25,41.9,0.02,52.88,3.82
2019-04-26,43.03,0.12,52.75,3.52
2019-04-27,44.91,0.12,49.98,3.43
2019-04-28,43.96,0.22,50.4,3.62
2019-04-29,39.7,0.1,56.2,3.52
2019-04-30,39.16,0.01,58.02,3.14
2019-05-01,37.71,0.01,60.16,3.24
2019-05-02,37.19,0.0,56.88,3.15
2019-05-03,36.73,0.01,61.54,3.58
2019-05-04,35.9,0.05,62.02,3.74
2019-05-05,37.03,0.01,58.07,3.22
2019-05-06,39.22,0.01,56.28,3.23
2019-05-07,38.13,0.01,58.57,3.26
2019-05-08,36.95,0.0,60.29,3.96
2019-05-09,36.27,0.0,58.28,3.9
2019-05-10,36.62,0.0,58.69,3.55
2019-05-11,38.51,0.0,57.75,3.76
2019-05-12,39.24,0.01,59.96,3.47
2019-05-13,38.83,0.0,59.31,3.39
2019-05-14,38.34,0.0,58.6,2.98
2019-05-15,39.27,0.0,56.86,3.11
2019-05-16,39.19,0.13,54.9,3.03
2019-05-17,39.28,0.0,55.41,3.59
2019-05-18,40.72,0.0,52.53,4.02
2019-05-19,41.81,0.0,46.16,4.65
2019-05-20,41.05,0.0,55.09,3.89
2019-05-21,40.04,0.01,59.54,3.81
2019-05-22,38.79,0.01,61.87,3.26
2019-05-23,38.94,0.01,60.25,3.57
2019-05-24,37.75,0.01,62.43,3.11
2019-05-25,38.08,0.01,58.93,3.07
2019-05-26,37.48,0.02,57.9,2.93
2019-05-27,38.63,0.03,57.02,3.3
2019-05-28,39.84,0.01,58.95,3.78
2019-05-29,39.71,0.01,59.05,3.51
2019-05-30,39.26,0.02,62.33,3.65
2019-05-31,39.42,0.04,61.12,3.42
2019-06-01,38.84,0.05,59.96,3.9
2019-06-02,39.15,0.05,62.15,3.65
2019-06-03,36.67,0.06,62.29,3.97
2019-06-04,37.79,0.04,62.79,4.15
2019-06-05,39.27,0.16,59.66,3.44
2019-06-06,36.72,0.27,60.32,3.49
2019-06-07,38.01,0.94,60.66,3.45
2019-06-08,37.17,1.58,62.09,2.41
2019-06-09,35.3,2.08,65.08,2.58
2019-06-10,33.94,9.21,71.2,2.2
2019-06-11,33.67,21.09,79.83,2.04
2019-06-12,32.62,11.63,76.37,8.16
2019-06-13,33.82,7.07,72.65,8.92
2019-06-14,34.01,13.85,73.98,7.25
2019-06-15,33.64,20.94,76.95,6.95
2019-06-16,34.26,4.69,76.59,5.99
2019-06-17,33.35,4.22,77.02,5.79
2019-06-18,33.37,4.49,76.27,6.07
2019-06-19,33.2,5.07,77.8,4.43
2019-06-20,33.29,1.44,76.73,3.72
2019-06-21,34.48,0.14,73.67,3.19
2019-06-22,34.1,0.19,72.45,2.79
2019-06-23,33.65,1.21,75.41,3.19
2019-06-24,30.52,6.26,80.86,2.76
2019-06-25,33.22,4.64,76.79,3.06
2019-06-26,32.54,10.02,78.97,2.7
2019-06-27,31.99,46.97,83.74,4.22
2019-06-28,29.19,122.07,89.52,5.71
2019-06-29,28.03,62.96,92.32,4.88
2019-06-30,28.95,73.3,89.03,4.03
2019-07-01,28.35,94.36,91.98,4.15
2019-07-02,29.2,45.51,90.32,3.63
2019-07-03,28.33,25.44,91.9,3.31
2019-07-04,29.09,6.45,86.18,4.09
2019-07-05,29.45,55.39,89.74,5.91
2019-07-06,28.34,77.64,91.3,6.8
2019-07-07,28.23,48.08,91.99,6.11
2019-07-08,28.7,49.77,91.36,6.19
2019-07-09,28.67,38.03,91.63,6.01
2019-07-10,29.34,38.66,91.49,6.17
2019-07-11,28.41,34.82,91.6,5.97
2019-07-12,29.07,7.91,90.69,4.87
2019-07-13,29.27,12.81,91.05,4.94
2019-07-14,28.9,13.06,91.2,4.99
2019-07-15,29.15,8.43,89.96,4.77
2019-07-16,28.55,10.45,91.41,4.78
2019-07-17,29.42,5.15,90.49,3.49
2019-07-18,30.08,6.83,88.35,2.7
2019-07-19,30.57,13.37,86.69,2.12
2019-07-20,30.78,12.97,87.92,2.07
2019-07-21,29.52,8.63,89.49,2.17
2019-07-22,29.46,16.65,91.94,3.17
2019-07-23,30.31,17.75,89.8,3.67
2019-07-24,27.8,77.04,93.0,5.91
2019-07-25,28.7,31.46,91.25,5.55
2019-07-26,28.24,83.36,91.65,5.99
2019-07-27,27.42,70.16,92.45,6.35
2019-07-28,27.81,22.85,91.48,6.24
2019-07-29,27.6,66.13,92.27,6.44
2019-07-30,27.2,52.75,93.3,6.28
2019-07-31,27.74,45.07,91.57,6.21
2019-08-01,28.45,25.59,89.73,6.81
2019-08-02,27.97,65.63,91.09,7.47
2019-08-03,26.81,112.51,94.82,7.45
2019-08-04,27.21,117.88,94.5,6.96
2019-08-05,27.62,46.96,92.98,7.13
2019-08-06,27.39,19.5,92.99,6.89
2019-08-07,27.35,20.59,93.33,6.69
2019-08-08,27.66,16.86,92.2,6.91
2019-08-09,27.05,24.67,92.88,7.49
2019-08-10,27.78,23.5,90.93,8.15
2019-08-11,28.23,17.72,90.35,6.24
2019-08-12,28.46,7.36,90.75,4.26
2019-08-13,28.98,7.59,91.39,4.55
2019-08-14,27.82,7.92,92.97,3.72
2019-08-15,28.74,8.07,91.09,4.62
2019-08-16,29.0,9.14,90.4,4.94
2019-08-17,29.03,3.51,89.18,4.24
2019-08-18,28.76,3.54,89.65,3.47
2019-08-19,28.85,2.44,90.11,2.91
2019-08-20,28.41,2.07,89.47,2.36
2019-08-21,29.29,10.97,89.38,3.26
2019-08-22,29.13,8.04,89.11,2.89
2019-08-23,28.97,4.87,88.7,2.33
2019-08-24,29.33,7.86,89.46,2.97
2019-08-25,28.0,5.36,89.51,2.6
2019-08-26,28.5,2.22,89.4,3.05
2019-08-27,29.19,4.08,88.65,3.33
2019-08-28,29.75,2.2,88.49,3.17
2019-08-29,29.76,8.09,88.49,3.12
2019-08-30,29.51,24.82,89.54,3.72
2019-08-31,28.5,38.14,91.59,4.33
2019-09-01,27.36,25.22,92.5,3.52
2019-09-02,28.68,34.58,90.81,4.56
2019-09-03,28.33,87.13,91.7,4.98
2019-09-04,27.5,103.54,93.44,4.79
2019-09-05,28.11,68.34,93.02,5.38
2019-09-06,27.93,61.91,91.95,5.62
2019-09-07,28.23,83.79,91.39,6.03
2019-09-08,27.84,34.3,91.85,5.41
2019-09-09,27.82,32.48,92.64,5.17
2019-09-10,28.49,25.56,92.06,5.05
2019-09-11,27.9,14.41,92.18,4.57
2019-09-12,27.27,23.64,93.32,3.95
2019-09-13,28.35,42.01,91.96,4.57
2019-09-14,28.85,46.7,92.34,4.27
2019-09-15,28.78,18.41,91.3,2.83
2019-09-16,28.77,10.09,91.31,3.68
2019-09-17,28.6,20.21,91.82,3.48
2019-09-18,29.42,16.63,93.34,3.43
2019-09-19,30.18,41.85,90.13,2.0
2019-09-20,27.51,17.69,94.65,5.12
2019-09-21,29.92,8.34,89.59,4.32
2019-09-22,30.07,2.53,90.48,3.69
2019-09-23,30.05,2.98,88.3,2.1
2019-09-24,30.26,32.88,88.26,2.15
2019-09-25,30.43,36.91,88.55,2.29
2019-09-26,28.85,34.47,91.94,3.06
2019-09-27,28.09,4.94,91.32,4.68
2019-09-28,28.96,1.78,89.64,3.5
2019-09-29,28.54,2.49,90.62,3.53
2019-09-30,28.85,3.88,90.09,3.22
2019-10-01,29.98,2.19,86.97,2.5
2019-10-02,30.5,0.87,84.29,1.79
2019-10-03,31.06,1.63,86.04,1.95
2019-10-04,28.87,10.62,88.49,1.8
2019-10-05,30.03,12.33,84.48,1.7
2019-10-06,30.54,6.9,81.07,1.6
2019-10-07,30.63,3.95,83.64,1.88
2019-10-08,32.3,14.48,83.07,2.39
2019-10-09,31.45,14.02,83.21,2.31
2019-10-10,32.27,3.9,80.4,1.91
2019-10-11,31.64,1.91,79.14,1.47
2019-10-12,31.03,3.91,81.85,1.81
2019-10-13,30.66,4.44,83.18,2.14
2019-10-14,33.06,0.37,80.22,2.8
2019-10-15,32.39,0.0,76.07,3.91
2019-10-16,31.46,0.0,77.65,4.06
2019-10-17,31.64,0.0,78.06,3.33
2019-10-18,29.21,2.16,83.47,2.78
2019-10-19,27.96,19.03,90.36,3.46
2019-10-20,28.58,10.96,88.93,3.19
2019-10-21,27.92,5.18,89.95,2.83
2019-10-22,27.88,22.63,92.12,2.57
2019-10-23,27.92,27.84,89.44,2.05
2019-10-24,29.23,9.29,88.41,2.64
2019-10-25,27.66,4.14,90.02,4.97
2019-10-26,29.42,3.57,87.62,4.65
2019-10-27,29.44,1.1,81.53,3.15
2019-10-28,30.74,1.03,82.06,2.48
2019-10-29,30.98,1.16,85.88,2.05
2019-10-30,31.24,2.58,85.9,2.85
2019-10-31,30.54,0.48,84.24,3.18
2019-11-01,28.09,17.85,89.08,2.98
2019-11-02,28.83,19.71,86.05,2.47
2019-11-03,30.58,2.17,83.21,1.77
2019-11-04,31.28,2.49,84.16,2.12
2019-11-05,31.45,0.44,79.5,2.35
2019-11-06,29.9,0.45,82.29,2.14
2019-11-07,28.71,2.49,88.54,2.73
2019-11-08,28.64,6.8,85.71,2.56
2019-11-09,29.8,0.76,79.92,1.38
2019-11-10,30.86,0.0,81.37,1.86
2019-11-11,31.83,0.06,77.48,2.21
2019-11-12,31.15,0.08,76.94,2.41
2019-11-13,29.85,0.02,80.34,3.37
2019-11-14,30.22,0.0,76.25,3.19
2019-11-15,30.01,0.0,81.39,2.57
2019-11-16,31.13,0.0,79.83,2.51
2019-11-17,30.99,0.0,80.07,3.19
2019-11-18,31.13,0.0,75.43,3.26
2019-11-19,31.04,0.0,72.89,3.2
2019-11-20,30.8,0.0,74.69,2.77
2019-11-21,30.94,0.0,77.74,2.84
2019-11-22,30.31,0.0,76.31,3.07
2019-11-23,30.33,0.0,74.79,3.07
2019-11-24,30.4,0.0,71.28,3.12
2019-11-25,31.05,0.0,69.34,2.87
2019-11-26,30.66,0.0,72.47,2.97
2019-11-27,30.46,0.0,74.62,3.21
2019-11-28,30.75,0.0,73.75,2.92
2019-11-29,31.22,0.0,75.7,2.71
2019-11-30,31.8,0.07,75.8,3.05
2019-12-01,30.88,0.1,78.97,2.76
2019-12-02,31.44,0.01,75.4,3.19
2019-12-03,30.56,0.05,76.01,3.24
2019-12-04,29.04,0.2,79.61,2.69
2019-12-05,28.1,0.48,83.64,2.66
2019-12-06,28.56,0.04,77.18,3.55
2019-12-07,29.84,0.0,74.6,3.48
2019-12-08,30.16,0.0,73.07,3.1
2019-12-09,30.94,0.0,77.14,3.13
2019-12-10,30.79,0.01,77.84,2.65
2019-12-11,30.4,0.01,76.87,2.09
2019-12-12,29.21,0.01,78.71,2.21
2019-12-13,28.18,0.18,78.19,2.6
2019-12-14,29.38,0.0,77.32,2.91
2019-12-15,28.57,0.0,76.02,2.49
2019-12-16,29.94,0.0,78.84,2.57
2019-12-17,30.29,0.0,75.75,3.85
2019-12-18,30.01,0.11,74.18,3.68
2019-12-19,30.21,0.0,72.88,3.17
2019-12-20,30.46,0.0,72.49,2.71
2019-12-21,30.33,0.0,69.46,2.68
2019-12-22,30.04,0.04,72.22,3.5
2019-12-23,30.7,0.12,75.36,2.75
2019-12-24,30.1,0.19,79.88,2.5
2019-12-25,28.16,1.17,83.79,2.18
2019-12-26,29.11,0.08,77.23,2.27
2019-12-27,29.92,0.0,74.42,2.7
2019-12-28,30.04,0.0,72.23,3.94
2019-12-29,29.17,0.0,77.95,3.69
2019-12-30,27.83,0.1,82.75,2.36
2019-12-31,25.65,0.0,79.39,2.31
2020-01-01,25.51,0.0,77.27,2.21
2020-01-02,26.18,0.0,81.0,2.33
2020-01-03,26.26,0.03,78.36,2.81
2020-01-04,26.5,0.0,71.24,2.53
2020-01-05,28.35,0.0,71.04,4.66
2020-01-06,30.49,0.05,68.83,4.75
2020-01-07,30.1,0.0,75.85,3.7
2020-01-08,27.48,0.0,83.18,2.65
2020-01-09,27.43,0.0,68.66,2.83
2020-01-10,29.66,0.0,70.68,4.2
2020-01-11,30.32,0.0,66.14,4.29
2020-01-12,30.17,0.0,64.62,3.19
2020-01-13,28.14,0.04,79.11,2.22
2020-01-14,27.32,0.01,80.46,2.78
2020-01-15,25.85,0.0,75.92,3.08
2020-01-16,24.86,0.0,66.39,3.05
2020-01-17,25.53,0.0,60.12,3.01
2020-01-18,29.04,0.0,60.64,2.9
2020-01-19,30.8,0.0,63.04,2.6
2020-01-20,32.04,0.0,66.98,2.88
2020-01-21,30.46,0.0,63.07,2.35
2020-01-22,32.37,0.0,62.57,2.73
2020-01-23,32.58,0.0,60.25,3.37
2020-01-24,33.15,0.0,62.58,3.35
2020-01-25,33.49,0.0,55.99,2.94
2020-01-26,33.49,0.0,54.4,2.78
2020-01-27,30.42,0.0,59.93,2.37
2020-01-28,27.52,0.03,77.46,2.23
2020-01-29,26.21,0.0,67.05,3.4
2020-01-30,28.49,0.0,54.28,2.92
2020-01-31,28.44,0.0,52.55,2.93
2020-02-01,30.88,0.0,53.74,2.75
2020-02-02,31.35,0.01,64.09,3.73
2020-02-03,29.64,0.0,70.32,2.2
2020-02-04,30.16,0.0,61.68,2.84
2020-02-05,31.41,0.0,50.84,3.08
2020-02-06,29.99,0.0,52.47,2.73
2020-02-07,28.89,0.0,50.92,2.89
2020-02-08,31.2,0.0,59.2,3.26
2020-02-09,31.83,0.0,57.36,4.36
2020-02-10,33.03,0.0,58.81,3.97
2020-02-11,33.32,0.05,60.77,3.74
2020-02-12,34.49,0.01,57.29,3.58
2020-02-13,34.54,0.01,53.76,3.42
2020-02-14,34.6,0.0,48.38,3.24
2020-02-15,34.26,0.0,45.4,2.98
2020-02-16,36.13,0.0,49.18,2.65
2020-02-17,37.01,0.0,48.4,3.11
2020-02-18,36.71,0.0,46.14,3.38
2020-02-19,35.41,0.0,49.52,2.23
2020-02-20,34.84,0.0,51.62,2.34
2020-02-21,34.86,0.0,55.08,2.78
2020-02-22,36.47,0.0,45.39,2.68
2020-02-23,36.58,0.0,41.2,2.71
2020-02-24,36.31,0.0,39.48,3.17
2020-02-25,36.42,0.0,33.59,4.08
2020-02-26,36.3,0.0,34.25,4.01
2020-02-27,37.35,0.0,31.62,3.78
2020-02-28,37.08,0.0,35.18,3.27
2020-02-29,35.94,0.11,40.97,2.85
2020-03-01,35.38,0.02,48.66,2.75
2020-03-02,34.83,0.0,54.32,2.47
2020-03-03,32.58,0.0,62.8,2.51
2020-03-04,31.9,0.0,61.72,2.44
2020-03-05,32.46,0.0,64.01,2.58
2020-03-06,30.85,0.05,65.33,3.36
2020-03-07,31.56,0.02,55.41,2.83
2020-03-08,33.52,0.0,52.05,2.98
2020-03-09,32.51,0.0,57.32,2.58
2020-03-10,32.36,0.0,64.39,3.24
2020-03-11,31.51,0.03,59.97,3.15
2020-03-12,30.81,0.62,63.61,2.86
2020-03-13,31.61,0.0,51.14,3.56
2020-03-14,36.26,0.0,28.44,3.99
2020-03-15,38.7,0.0,26.19,3.76
2020-03-16,40.12,0.04,28.35,3.83
2020-03-17,39.88,0.02,28.56,2.67
2020-03-18,39.1,0.0,30.04,3.5
2020-03-19,36.73,0.01,44.08,3.12
2020-03-20,35.06,0.0,57.4,2.73
2020-03-21,35.22,0.0,56.38,2.42
2020-03-22,37.62,0.0,52.78,3.09
2020-03-23,39.31,0.08,48.77,2.9
2020-03-24,39.77,0.12,49.14,2.65
2020-03-25,39.33,0.79,47.94,2.11
2020-03-26,37.59,0.63,53.88,2.86
2020-03-27,37.27,0.84,52.23,2.77
2020-03-28,38.69,0.32,45.11,3.75
2020-03-29,40.44,0.33,37.03,3.42
2020-03-30,39.8,0.15,36.55,2.77
2020-03-31,38.04,0.0,45.98,3.07
2020-04-01,39.33,0.0,47.01,3.41
2020-04-02,40.78,0.1,38.2,3.81
2020-04-03,40.84,0.0,45.94,3.25
2020-04-04,39.52,0.01,48.54,3.06
2020-04-05,40.01,0.16,49.29,2.46
2020-04-06,37.67,0.32,57.42,2.61
2020-04-07,37.4,0.0,53.74,2.99
2020-04-08,36.65,0.0,53.93,2.73
2020-04-09,37.72,0.0,57.28,2.95
2020-04-10,41.01,0.01,52.17,2.88
2020-04-11,42.34,0.08,45.96,2.99
2020-04-12,43.45,1.07,44.12,2.59
2020-04-13,42.84,0.39,51.5,2.56
2020-04-14,43.5,0.31,53.57,2.55
2020-04-15,43.11,0.09,47.87,3.18
2020-04-16,40.93,0.48,56.54,2.84
2020-04-17,40.37,0.09,53.31,2.73
2020-04-18,41.54,0.21,48.87,3.17
2020-04-19,41.01,0.83,47.58,2.93
2020-04-20,41.41,0.06,41.35,3.21
2020-04-21,40.21,0.09,43.96,3.46
2020-04-22,40.74,0.01,54.52,3.08
2020-04-23,39.5,0.04,54.66,2.99
2020-04-24,38.35,0.05,57.91,3.37
2020-04-25,38.03,0.01,53.97,3.44
2020-04-26,39.24,0.01,53.66,3.19
2020-04-27,38.71,0.04,57.95,3.19
2020-04-28,42.43,0.11,53.44,3.74
2020-04-29,42.33,0.23,53.55,2.9
2020-04-30,41.15,0.34,56.84,2.95
2020-05-01,38.98,1.0,60.91,3.29
2020-05-02,39.56,1.63,61.02,3.53
2020-05-03,40.13,0.49,57.59,3.78
2020-05-04,39.64,0.06,56.51,3.26
2020-05-05,40.69,0.26,60.42,4.02
2020-05-06,41.25,0.07,55.6,3.35
2020-05-07,41.48,0.01,52.7,3.49
2020-05-08,40.77,0.0,53.47,2.89
2020-05-09,41.58,0.01,53.36,3.13
2020-05-10,41.2,0.06,54.65,3.39
2020-05-11,41.12,0.75,49.66,3.02
2020-05-12,40.29,0.08,52.25,3.24
2020-05-13,39.35,0.07,58.52,3.33
2020-05-14,41.44,0.49,55.36,3.56
2020-05-15,38.38,0.87,51.15,3.67
2020-05-16,37.36,0.32,54.15,3.67
2020-05-17,38.14,0.29,56.3,4.88
2020-05-18,38.07,0.12,56.93,5.28
2020-05-19,38.1,0.04,57.97,4.46
2020-05-20,39.11,0.01,58.45,3.77
2020-05-21,39.51,0.0,59.0,3.72
2020-05-22,39.46,0.0,56.44,4.1
2020-05-23,41.13,0.01,57.2,4.04
2020-05-24,40.47,0.03,57.55,3.5
2020-05-25,40.15,0.01,58.56,3.47
2020-05-26,39.14,0.0,60.14,3.36
2020-05-27,38.34,0.0,60.88,3.76
2020-05-28,37.73,0.0,62.09,4.49
2020-05-29,37.48,0.01,61.8,4.2
2020-05-30,35.54,0.02,62.19,3.62
2020-05-31,36.51,0.71,62.9,3.75
2020-06-01,35.47,2.69,58.28,1.28
2020-06-02,34.18,22.87,62.21,2.75
2020-06-03,30.67,74.26,83.91,6.49
2020-06-04,28.97,39.4,86.55,4.68
2020-06-05,32.92,3.73,76.93,3.56
2020-06-06,32.45,16.7,81.92,4.34
2020-06-07,30.61,9.27,86.05,3.02
2020-06-08,32.56,15.51,71.22,2.9
2020-06-09,30.75,5.39,77.16,3.48
2020-06-10,31.1,8.8,80.35,3.27
2020-06-11,31.73,6.8,82.36,3.23
2020-06-12,31.45,8.65,84.66,3.13
2020-06-13,29.89,24.85,86.42,2.72
2020-06-14,31.26,14.0,86.01,2.95
2020-06-15,31.07,27.55,89.08,3.52
2020-06-16,29.79,11.86,88.45,3.05
2020-06-17,30.72,13.46,87.97,3.92
2020-06-18,30.15,32.44,89.35,5.33
2020-06-19,31.22,12.14,86.48,3.94
2020-06-20,30.89,4.55,86.23,4.09
2020-06-21,30.3,7.22,86.94,3.9
2020-06-22,31.53,3.34,83.01,4.31
2020-06-23,31.76,5.21,83.62,4.67
2020-06-24,31.97,1.01,82.83,3.96
2020-06-25,32.34,1.56,84.3,2.86
2020-06-26,29.17,4.17,86.53,2.34
2020-06-27,30.94,8.23,85.26,2.57
2020-06-28,31.08,10.85,85.23,2.24
2020-06-29,31.69,36.73,87.13,2.74
2020-06-30,29.87,29.84,89.18,2.79
2020-07-01,29.72,7.54,85.97,4.02
2020-07-02,31.18,12.21,86.44,4.53
2020-07-03,28.42,43.62,91.29,5.95
2020-07-04,28.89,103.54,91.44,5.84
2020-07-05,28.03,60.79,91.21,7.32
2020-07-06,29.44,44.96,89.34,8.25
2020-07-07,29.18,57.28,90.92,7.73
2020-07-08,29.76,20.4,88.53,5.63
2020-07-09,29.82,23.9,88.93,5.04
2020-07-10,29.54,11.93,89.56,5.03
2020-07-11,29.27,14.43,90.89,4.78
2020-07-12,28.17,26.51,92.15,4.42
2020-07-13,29.21,18.16,91.91,3.6
2020-07-14,29.24,31.35,91.03,4.23
2020-07-15,27.2,67.41,94.07,4.22
2020-07-16,27.67,36.7,92.16,5.76
2020-07-17,29.06,27.1,90.45,6.27
2020-07-18,29.49,10.68,90.71,5.4
2020-07-19,29.44,5.8,89.65,3.94
2020-07-20,28.51,9.12,90.92,2.75
2020-07-21,29.78,5.01,89.93,2.98
2020-07-22,29.8,6.26,89.31,2.12
2020-07-23,29.45,10.4,89.76,2.24
2020-07-24,28.23,23.0,90.24,2.36
2020-07-25,28.93,10.67,89.64,3.03
2020-07-26,29.73,9.09,88.39,3.57
2020-07-27,28.92,20.23,90.23,3.77
2020-07-28,28.81,26.27,91.02,2.98
2020-07-29,28.42,14.83,92.91,2.84
2020-07-30,29.85,12.99,86.36,2.41
2020-07-31,29.29,6.53,90.12,2.15
2020-08-01,28.77,9.09,91.65,2.77
2020-08-02,29.49,8.9,91.61,3.48
2020-08-03,29.0,46.41,92.7,4.45
2020-08-04,28.65,109.49,92.92,6.92
2020-08-05,28.0,129.26,94.1,8.01
2020-08-06,27.65,126.09,91.88,7.68
2020-08-07,28.85,24.63,91.1,7.23
2020-08-08,28.79,15.15,90.36,6.0
2020-08-09,28.54,10.81,90.62,5.07
2020-08-10,27.9,34.61,92.3,4.84
2020-08-11,28.31,22.1,91.07,5.54
2020-08-12,27.63,41.8,92.01,6.04
2020-08-13,26.99,55.75,94.32,6.0
2020-08-14,27.35,60.58,93.28,6.86
2020-08-15,27.33,41.16,93.59,6.47
2020-08-16,27.31,33.79,93.98,6.28
2020-08-17,26.98,51.77,93.98,5.28
2020-08-18,27.91,32.52,92.5,5.32
2020-08-19,28.39,19.36,91.58,4.82
2020-08-20,26.72,48.99,95.05,4.84
2020-08-21,27.25,48.7,94.06,5.77
2020-08-22,28.17,20.82,93.33,5.86
2020-08-23,27.89,13.15,92.67,5.99
2020-08-24,28.62,9.61,90.9,5.74
2020-08-25,28.93,6.74,89.39,4.49
2020-08-26,29.31,2.87,88.56,3.43
2020-08-27,28.69,7.86,89.63,3.9
2020-08-28,28.18,56.94,92.03,3.88
2020-08-29,26.73,62.18,94.38,4.03
2020-08-30,27.22,31.07,93.57,4.55
2020-08-31,28.48,21.16,92.04,4.53
2020-09-01,28.92,7.35,90.84,3.01
2020-09-02,29.22,1.81,89.25,2.6
2020-09-03,29.76,1.03,88.46,2.04
2020-09-04,31.67,4.27,85.22,1.91
2020-09-05,32.26,14.84,87.67,1.77
2020-09-06,32.59,8.73,86.16,1.79
2020-09-07,30.72,11.46,87.45,1.99
2020-09-08,30.05,2.94,90.82,2.54
2020-09-09,28.22,5.77,90.74,1.99
2020-09-10,28.77,39.64,93.42,1.99
2020-09-11,28.59,11.8,91.77,1.82
2020-09-12,29.99,19.97,90.58,3.66
2020-09-13,28.58,6.26,91.14,4.23
2020-09-14,27.31,6.33,92.4,3.02
2020-09-15,26.58,4.01,93.09,2.4
2020-09-16,27.29,7.29,92.91,2.65
2020-09-17,28.2,9.09,92.46,2.84
2020-09-18,27.76,3.02,92.23,2.69
2020-09-19,28.97,13.15,90.0,2.98
2020-09-20,28.88,16.17,93.46,3.52
2020-09-21,27.98,10.41,93.87,4.15
2020-09-22,27.41,78.2,94.16,3.46
2020-09-23,26.96,57.73,95.47,3.98
2020-09-24,29.87,5.55,91.99,2.73
2020-09-25,28.19,11.68,92.7,2.98
2020-09-26,28.8,1.5,87.45,2.57
2020-09-27,29.29,1.95,85.83,2.29
2020-09-28,29.85,0.69,83.63,1.67
2020-09-29,29.31,0.68,84.66,2.15
2020-09-30,29.86,0.74,85.5,2.47
2020-10-01,29.44,0.68,86.88,2.28
2020-10-02,30.34,2.47,87.11,2.25
2020-10-03,31.12,10.81,87.85,2.1
2020-10-04,29.88,4.6,89.45,2.74
2020-10-05,30.66,0.68,86.64,2.27
2020-10-06,29.73,0.28,86.77,1.98
2020-10-07,31.53,0.44,83.67,1.84
2020-10-08,31.34,1.31,81.41,2.09
2020-10-09,32.54,0.27,78.41,1.59
2020-10-10,31.31,7.77,79.14,1.2
2020-10-11,31.32,11.12,80.26,1.47
2020-10-12,30.39,2.68,84.74,1.86
2020-10-13,32.13,8.22,81.18,1.33
2020-10-14,30.78,11.54,86.27,1.91
2020-10-15,28.52,48.81,93.48,4.54
2020-10-16,30.81,8.68,88.21,4.97
2020-10-17,30.4,3.26,88.53,3.63
2020-10-18,29.8,1.23,89.57,2.64
2020-10-19,28.2,5.39,89.65,2.24
2020-10-20,29.84,19.24,90.42,1.77
2020-10-21,30.61,5.03,89.21,1.77
2020-10-22,29.79,15.08,90.39,2.28
2020-10-23,29.75,5.36,83.22,2.31
2020-10-24,30.76,2.59,77.31,1.27
2020-10-25,31.32,2.74,74.29,1.36
2020-10-26,31.53,0.07,77.67,2.0
2020-10-27,31.81,0.0,77.24,2.1
2020-10-28,31.68,0.0,70.26,1.87
2020-10-29,31.8,0.0,69.46,2.19
2020-10-30,32.35,0.0,68.36,2.19
2020-10-31,31.38,0.0,69.13,2.31
2020-11-01,31.31,0.0,74.35,2.21
2020-11-02,31.0,0.0,78.13,2.11
2020-11-03,32.1,0.0,74.55,2.93
2020-11-04,31.75,0.0,72.37,2.89
2020-11-05,31.31,0.0,72.04,2.71
2020-11-06,30.41,0.0,69.18,3.51
2020-11-07,30.94,0.0,73.03,3.87
2020-11-08,31.11,0.0,74.98,3.78
2020-11-09,30.88,0.01,69.01,3.3
2020-11-10,29.82,0.0,69.05,4.14
2020-11-11,29.38,0.0,68.86,4.25
2020-11-12,29.71,0.0,70.07,3.76
2020-11-13,31.35,0.0,80.54,2.8
2020-11-14,31.81,0.01,81.27,2.6
2020-11-15,32.36,0.03,77.47,2.08
2020-11-16,32.19,0.0,75.6,2.73
2020-11-17,31.56,0.05,79.65,2.23
2020-11-18,30.86,0.08,82.39,2.47
2020-11-19,30.69,0.04,81.33,1.99
2020-11-20,31.63,0.22,80.64,1.79
2020-11-21,31.48,0.03,78.5,2.14
2020-11-22,30.68,0.0,80.6,2.54
2020-11-23,30.32,0.0,79.07,2.12
2020-11-24,30.49,0.0,74.64,1.77
2020-11-25,30.46,0.0,72.87,3.1
2020-11-26,30.62,0.0,71.13,3.17
2020-11-27,29.47,0.0,76.28,4.75
2020-11-28,29.78,0.01,79.88,3.91
2020-11-29,30.65,0.0,80.16,2.94
2020-11-30,30.75,0.0,82.13,2.14
2020-12-01,31.57,0.0,79.48,1.84
2020-12-02,30.84,0.01,73.78,2.65
2020-12-03,30.57,0.0,66.77,3.14
2020-12-04,31.13,0.0,65.49,3.09
2020-12-05,30.39,0.0,63.02,3.2
2020-12-06,30.36,0.0,65.03,3.96
2020-12-07,30.49,0.0,63.97,4.06
2020-12-08,30.83,0.02,64.14,3.94
2020-12-09,30.58,0.01,69.45,3.05
2020-12-10,30.85,0.26,71.92,2.23
2020-12-11,28.18,2.09,79.62,1.45
2020-12-12,29.58,0.89,82.68,2.05
2020-12-13,28.45,1.45,82.78,1.64
2020-12-14,28.93,7.19,82.0,1.83
2020-12-15,29.72,0.06,80.13,2.21
2020-12-16,30.21,0.0,78.92,2.39
2020-12-17,30.49,0.0,75.04,2.45
2020-12-18,30.07,0.0,71.5,2.92
2020-12-19,29.26,0.0,71.57,3.77
2020-12-20,28.05,0.25,67.85,4.19
2020-12-21,28.91,0.0,58.45,4.13
2020-12-22,28.82,0.0,54.33,3.17
2020-12-23,29.43,0.0,57.95,2.55
2020-12-24,30.25,0.0,58.74,2.55
2020-12-25,30.52,0.0,64.45,3.46
2020-12-26,31.05,0.0,65.28,3.21
2020-12-27,30.37,0.0,71.22,2.82
2020-12-28,28.91,0.0,65.09,2.54
2020-12-29,29.04,0.0,64.44,2.35
2020-12-30,30.51,0.0,68.7,2.3
2020-12-31,31.04,0.0,68.4,3.51
2021-01-01,31.35,0.03,73.72,3.03
2021-01-02,28.52,0.02,76.92,2.01
2021-01-03,29.32,0.01,71.22,1.91
2021-01-04,29.5,0.08,71.52,1.94
2021-01-05,29.57,0.08,71.57,2.04
2021-01-06,30.64,0.0,68.91,2.43
2021-01-07,29.32,0.6,75.7,1.89
2021-01-08,29.26,3.32,81.37,1.84
2021-01-09,30.81,3.92,79.22,1.88
2021-01-10,31.41,0.19,76.34,2.47
2021-01-11,33.66,0.02,68.57,2.36
2021-01-12,34.73,0.0,60.23,3.09
2021-01-13,33.79,0.0,60.54,2.74
2021-01-14,33.06,0.0,61.05,2.0
2021-01-15,32.57,0.0,61.77,2.64
2021-01-16,32.68,0.0,59.34,2.04
2021-01-17,32.83,0.0,63.81,2.07
2021-01-18,32.84,0.0,63.03,2.23
2021-01-19,32.88,0.0,59.8,2.15
2021-01-20,32.31,0.0,55.82,2.37
2021-01-21,31.04,0.0,53.2,2.31
2021-01-22,33.05,0.0,55.84,2.12
2021-01-23,32.52,0.0,58.23,2.1
2021-01-24,31.56,0.0,59.11,2.52
2021-01-25,32.16,0.0,50.99,2.91
2021-01-26,31.11,0.0,47.57,2.5
2021-01-27,31.29,0.0,46.51,2.64
2021-01-28,30.93,0.0,47.9,2.58
2021-01-29,32.72,0.0,44.85,2.84
2021-01-30,32.83,0.0,43.98,2.52
2021-01-31,33.14,0.0,45.92,2.62
2021-02-01,33.4,0.0,49.67,3.46
2021-02-02,33.85,0.0,39.95,3.73
2021-02-03,33.54,0.0,41.43,3.02
2021-02-04,32.51,0.0,46.78,2.68
2021-02-05,31.57,0.0,52.49,3.32
2021-02-06,33.17,0.0,42.33,3.38
2021-02-07,33.2,0.0,41.54,3.99
2021-02-08,34.07,0.0,40.12,3.44
2021-02-09,34.55,0.0,39.1,3.46
2021-02-10,34.38,0.0,40.48,2.64
2021-02-11,35.04,0.0,41.42,2.78
2021-02-12,34.55,0.0,43.49,2.73
2021-02-13,33.74,0.0,45.39,2.57
2021-02-14,33.57,0.0,54.19,2.34
2021-02-15,32.22,0.01,56.93,2.43
2021-02-16,31.69,0.0,64.84,2.73
2021-02-17,32.71,0.01,62.56,2.49
2021-02-18,34.1,3.26,59.29,2.13
2021-02-19,32.27,8.1,60.75,2.79
2021-02-20,33.07,0.0,51.27,3.42
2021-02-21,34.37,0.0,49.5,4.1
2021-02-22,35.1,0.0,53.24,2.87
2021-02-23,36.23,0.0,50.79,2.42
2021-02-24,36.68,0.0,43.82,2.76
2021-02-25,35.93,0.0,44.9,3.02
2021-02-26,35.5,0.0,48.2,2.97
2021-02-27,36.74,0.0,47.23,3.26
2021-02-28,38.83,0.0,40.16,2.89
2021-03-01,39.51,0.0,35.17,3.95
2021-03-02,38.97,0.0,30.13,3.63
2021-03-03,39.71,0.0,25.65,3.23
2021-03-04,39.78,0.0,23.08,3.49
2021-03-05,39.82,0.0,26.28,3.29
2021-03-06,37.65,0.0,40.86,2.23
2021-03-07,37.03,0.0,46.2,2.85
2021-03-08,37.98,0.0,43.26,3.07
2021-03-09,38.64,0.01,45.88,3.0
2021-03-10,37.72,0.01,46.96,2.64
2021-03-11,37.36,0.0,45.42,2.89
2021-03-12,37.83,0.0,46.46,2.94
2021-03-13,40.19,0.0,33.35,3.51
2021-03-14,39.27,0.0,33.56,2.86
2021-03-15,38.52,0.0,30.65,2.83
2021-03-16,38.8,0.0,35.27,2.86
2021-03-17,39.4,0.02,32.96,3.16
2021-03-18,39.06,0.09,36.0,2.91
2021-03-19,37.23,0.07,47.33,3.22
2021-03-20,37.26,0.01,47.56,2.68
2021-03-21,37.49,0.02,44.62,2.23
2021-03-22,38.66,1.46,46.26,2.28
2021-03-23,39.37,0.37,41.87,2.95
2021-03-24,39.8,0.04,32.95,3.18
2021-03-25,41.2,0.2,23.66,4.73
2021-03-26,41.55,0.0,23.36,3.36
2021-03-27,42.96,0.0,21.81,3.51
2021-03-28,41.97,0.01,30.15,2.7
2021-03-29,41.31,0.01,36.77,2.75
2021-03-30,38.63,0.0,49.63,2.26
2021-03-31,38.05,0.0,53.94,2.43
2021-04-01,37.19,0.04,61.81,2.4
2021-04-02,37.56,0.01,60.38,2.32
2021-04-03,37.33,0.0,58.85,2.45
2021-04-04,38.13,0.0,57.26,2.8
2021-04-05,39.29,0.0,53.4,3.0
2021-04-06,41.3,0.01,44.66,3.42
2021-04-07,40.76,0.0,44.59,3.21
2021-04-08,38.32,0.07,54.42,2.63
2021-04-09,39.64,0.04,50.59,2.45
2021-04-10,39.66,0.08,46.12,2.62
2021-04-11,40.82,0.91,43.46,1.94
2021-04-12,40.39,0.25,46.5,2.32
2021-04-13,40.42,1.78,41.6,2.01
2021-04-14,39.59,0.54,42.23,2.61
2021-04-15,38.96,0.32,44.26,2.63
2021-04-16,38.77,0.24,49.28,3.11
2021-04-17,39.27,0.0,51.25,3.67
2021-04-18,40.78,0.01,50.25,3.39
2021-04-19,38.67,0.0,53.61,2.54
2021-04-20,38.31,0.01,55.28,2.79
2021-04-21,35.69,0.57,58.0,2.57
2021-04-22,39.88,0.09,56.25,2.97
2021-04-23,38.81,0.01,50.32,2.89
2021-04-24,38.91,0.03,47.07,2.73
2021-04-25,41.04,0.26,48.9,2.92
2021-04-26,37.65,0.65,59.41,2.48
2021-04-27,39.42,0.47,51.28,2.25
2021-04-28,38.87,0.47,47.91,2.36
2021-04-29,39.56,0.39,54.07,2.83
2021-04-30,39.24,0.42,48.16,2.65
2021-05-01,39.26,0.57,45.33,2.66
2021-05-02,38.57,1.48,47.71,2.25
2021-05-03,39.76,1.39,49.4,2.49
2021-05-04,39.97,0.69,47.92,2.91
2021-05-05,39.73,1.2,48.73,2.83
2021-05-06,39.35,0.75,53.84,2.54
2021-05-07,39.43,0.8,51.87,2.5
2021-05-08,40.42,0.09,49.81,2.6
2021-05-09,39.38,0.38,53.27,2.64
2021-05-10,39.16,0.04,52.71,3.12
2021-05-11,39.05,0.01,51.96,3.19
2021-05-12,38.68,0.0,56.32,3.45
2021-05-13,36.54,0.12,53.38,2.71
2021-05-14,40.19,0.13,50.16,3.12
2021-05-15,39.74,3.09,46.23,3.82
2021-05-16,38.82,11.81,54.63,8.89
2021-05-17,29.47,192.72,82.99,14.62
2021-05-18,30.38,77.57,86.49,9.2
2021-05-19,30.94,12.87,83.65,4.58
2021-05-20,32.66,0.35,77.0,2.11
2021-05-21,33.25,0.26,76.76,2.12
2021-05-22,32.64,0.48,79.58,2.52
2021-05-23,32.55,0.34,79.42,2.81
2021-05-24,33.36,0.24,78.5,3.23
2021-05-25,33.79,0.18,79.47,3.74
2021-05-26,32.72,0.24,78.96,4.04
2021-05-27,33.41,0.21,75.87,4.05
2021-05-28,33.57,0.23,78.37,3.72
2021-05-29,33.02,3.98,80.43,2.66
2021-05-30,32.42,5.6,83.18,2.2
2021-05-31,31.59,10.8,83.1,2.17
2021-06-01,31.48,18.38,83.43,2.43
2021-06-02,32.28,14.08,80.86,1.86
2021-06-03,33.6,4.88,77.64,1.78
2021-06-04,32.66,3.62,77.88,1.37
2021-06-05,30.08,13.56,83.37,2.0
2021-06-06,32.07,10.04,80.94,2.75
2021-06-07,32.15,6.18,80.52,3.52
2021-06-08,31.36,31.0,84.22,3.51
2021-06-09,30.35,54.2,85.73,4.97
2021-06-10,28.85,55.91,89.85,5.42
2021-06-11,30.24,37.06,87.86,5.06
2021-06-12,29.79,32.49,90.49,4.84
2021-06-13,29.75,19.53,90.32,4.58
2021-06-14,30.9,5.61,87.04,4.59
2021-06-15,30.06,29.75,88.22,5.65
2021-06-16,29.23,43.4,90.12,5.36
2021-06-17,29.85,61.14,88.08,6.21
2021-06-18,29.98,54.49,87.82,6.73
2021-06-19,29.3,44.56,88.26,5.81
2021-06-20,29.56,19.16,87.53,5.1
2021-06-21,29.77,5.09,88.0,4.03
2021-06-22,29.97,4.08,86.22,3.79
2021-06-23,29.68,5.47,86.95,3.8
2021-06-24,29.5,10.57,87.78,3.84
2021-06-25,29.18,21.47,88.61,4.08
2021-06-26,29.88,7.69,86.91,4.08
2021-06-27,29.21,6.28,86.35,2.96
2021-06-28,27.99,26.0,91.42,3.39
2021-06-29,29.94,6.74,89.09,2.95
2021-06-30,29.24,3.91,89.75,3.11
2021-07-01,29.54,2.31,87.89,3.95
2021-07-02,30.4,0.85,85.97,4.4
2021-07-03,30.29,1.03,86.79,3.45
2021-07-04,30.39,0.99,85.69,2.47
2021-07-05,29.56,3.95,85.4,1.98
2021-07-06,30.63,2.78,84.77,2.07
2021-07-07,30.13,4.93,85.77,2.46
2021-07-08,29.72,20.77,87.7,2.83
2021-07-09,29.23,24.21,87.92,2.09
2021-07-10,29.77,9.61,85.02,2.25
2021-07-11,28.69,15.08,91.29,4.75
2021-07-12,27.8,93.46,93.27,6.83
2021-07-13,28.44,41.63,89.9,5.05
2021-07-14,28.03,27.06,92.04,4.74
2021-07-15,28.05,89.19,94.0,5.68
2021-07-16,28.82,26.92,90.86,4.78
2021-07-17,28.5,64.44,92.18,4.26
2021-07-18,28.02,69.83,92.76,5.94
2021-07-19,28.23,105.98,92.5,6.63
2021-07-20,28.17,60.3,92.2,5.88
2021-07-21,27.74,119.2,92.08,7.32
2021-07-22,27.85,44.19,90.55,6.99
2021-07-23,27.62,55.22,92.32,5.77
2021-07-24,29.45,31.3,90.69,4.82
2021-07-25,28.48,26.27,92.11,5.66
2021-07-26,28.66,18.53,90.04,7.07
2021-07-27,28.49,16.2,88.75,6.86
2021-07-28,28.42,18.34,88.95,7.08
2021-07-29,27.34,20.2,90.99,6.6
2021-07-30,26.77,30.93,91.43,6.43
2021-07-31,27.71,6.43,89.28,6.44
2021-08-01,28.2,5.98,88.05,5.85
2021-08-02,28.51,11.06,88.37,5.73
2021-08-03,28.79,15.55,89.65,5.83
2021-08-04,28.47,13.85,90.23,5.72
2021-08-05,28.69,6.41,89.26,5.52
2021-08-06,28.97,3.8,88.97,4.54
2021-08-07,29.58,2.27,88.3,3.23
2021-08-08,29.4,4.96,88.93,2.81
2021-08-09,29.79,1.55,87.98,2.85
2021-08-10,29.09,3.37,88.85,2.78
2021-08-11,29.29,5.82,88.49,2.92
2021-08-12,29.46,10.95,88.06,3.47
2021-08-13,29.4,7.09,88.64,3.64
2021-08-14,28.62,16.19,88.96,3.87
2021-08-15,29.24,17.72,88.53,3.63
2021-08-16,28.93,10.27,88.76,2.51
2021-08-17,28.46,11.53,90.55,2.38
2021-08-18,26.8,28.89,92.0,2.36
2021-08-19,27.67,38.03,91.78,2.28
2021-08-20,28.48,16.41,90.44,2.97
2021-08-21,28.1,36.37,90.67,2.8
2021-08-22,28.04,1.6,90.99,2.29
2021-08-23,29.91,0.42,85.7,2.24
2021-08-24,29.24,1.09,86.82,1.91
2021-08-25,29.79,1.31,86.99,2.35
2021-08-26,29.73,3.53,87.91,2.47
2021-08-27,29.93,3.63,86.81,2.59
2021-08-28,29.55,0.93,85.95,2.1
2021-08-29,29.66,0.96,84.79,2.01
2021-08-30,28.32,15.65,89.8,3.48
2021-08-31,26.8,81.32,93.65,5.47
2021-09-01,28.0,11.59,91.89,4.31
2021-09-02,28.01,7.96,91.81,3.74
2021-09-03,29.09,18.03,89.79,3.92
2021-09-04,28.72,15.54,90.24,3.19
2021-09-05,28.49,13.12,90.33,2.94
2021-09-06,28.54,13.94,92.02,3.69
2021-09-07,27.65,50.27,94.91,4.28
2021-09-08,27.13,37.54,94.63,5.31
2021-09-09,28.55,15.9,91.28,5.9
2021-09-10,28.65,17.93,90.56,5.98
2021-09-11,28.68,31.19,91.63,6.01
2021-09-12,28.23,46.82,93.04,4.85
2021-09-13,27.79,37.0,93.46,4.97
2021-09-14,28.06,14.56,91.42,5.06
2021-09-15,28.23,3.75,90.29,4.48
2021-09-16,28.74,1.98,90.44,4.23
2021-09-17,28.15,0.66,90.19,3.14
2021-09-18,28.54,2.66,90.85,3.28
2021-09-19,29.37,15.01,90.84,3.39
2021-09-20,28.94,16.88,91.22,3.0
2021-09-21,28.59,34.56,91.58,3.57
2021-09-22,28.3,37.11,91.92,3.46
2021-09-23,29.12,6.56,89.67,2.84
2021-09-24,29.16,0.99,87.68,2.17
2021-09-25,29.45,1.75,86.81,1.94
2021-09-26,29.04,1.63,88.03,2.01
2021-09-27,28.13,19.86,89.88,2.22
2021-09-28,26.13,72.57,94.04,5.04
2021-09-29,27.89,17.41,92.24,4.93
2021-09-30,29.77,7.01,90.81,3.8
2021-10-01,30.22,2.23,88.65,2.08
2021-10-02,31.15,1.5,88.66,2.1
2021-10-03,31.62,1.48,87.51,2.25
2021-10-04,31.4,2.69,89.44,2.74
2021-10-05,31.36,3.83,89.66,2.6
2021-10-06,31.18,21.94,84.61,1.45
2021-10-07,32.02,1.1,85.64,1.85
2021-10-08,28.38,10.44,92.55,2.15
2021-10-09,29.42,10.26,90.71,2.11
2021-10-10,30.67,2.3,85.29,1.35
2021-10-11,30.91,4.2,85.62,1.43
2021-10-12,32.06,8.91,83.29,1.6
2021-10-13,32.22,0.99,80.65,1.99
2021-10-14,32.63,0.18,75.65,1.9
2021-10-15,32.5,0.01,78.49,2.78
2021-10-16,30.92,0.0,75.9,2.63
2021-10-17,31.63,0.14,80.61,1.88
2021-10-18,30.08,0.02,79.02,2.55
2021-10-19,29.35,0.19,78.25,1.88
2021-10-20,29.71,0.07,80.78,2.29
2021-10-21,31.67,0.0,74.52,2.35
2021-10-22,30.82,0.0,73.98,2.22
2021-10-23,29.72,0.0,78.43,2.34
2021-10-24,28.38,0.11,85.98,2.59
2021-10-25,30.22,0.01,82.03,2.6
2021-10-26,30.32,0.05,75.96,2.34
2021-10-27,31.02,0.0,72.12,3.02
2021-10-28,30.51,0.07,75.87,3.55
2021-10-29,30.66,0.0,74.47,3.89
2021-10-30,30.84,0.05,73.91,3.9
2021-10-31,31.08,0.0,75.29,3.12
2021-11-01,31.38,0.0,76.44,2.88
2021-11-02,31.68,0.0,73.19,2.75
2021-11-03,31.27,0.0,76.57,3.2
2021-11-04,31.68,0.12,78.66,2.13
2021-11-05,30.75,3.21,79.93,2.31
2021-11-06,29.41,5.42,83.01,1.72
2021-11-07,28.51,1.34,83.65,1.96
2021-11-08,30.14,0.01,74.16,3.17
2021-11-09,30.25,0.0,71.0,3.92
2021-11-10,30.35,0.0,66.96,3.58
2021-11-11,29.82,0.0,70.15,3.84
2021-11-12,31.0,0.0,68.81,3.7
2021-11-13,31.73,0.0,79.35,3.12
2021-11-14,31.92,0.03,81.33,3.01
2021-11-15,30.86,0.12,85.35,2.04
2021-11-16,30.86,2.06,83.12,2.78
2021-11-17,30.32,3.44,84.4,2.69
2021-11-18,30.61,7.44,85.24,2.61
2021-11-19,30.98,1.71,83.43,1.92
2021-11-20,32.08,1.05,82.79,2.2
2021-11-21,32.12,11.21,83.62,2.6
2021-11-22,29.13,10.17,89.31,2.77
2021-11-23,30.68,0.03,86.58,1.69
2021-11-24,31.65,0.01,82.78,2.78
2021-11-25,31.58,0.0,77.75,2.12
2021-11-26,31.0,0.0,76.17,2.69
2021-11-27,30.94,0.0,71.67,2.49
2021-11-28,28.0,0.0,75.8,4.11
2021-11-29,30.25,0.0,72.38,4.24
2021-11-30,26.79,2.44,83.38,4.03
2021-12-01,24.37,63.01,90.21,3.6
2021-12-02,27.64,7.07,82.78,4.38
2021-12-03,29.09,0.14,84.12,2.1
2021-12-04,29.28,0.05,80.28,2.08
2021-12-05,27.97,0.03,80.49,1.86
2021-12-06,29.11,0.02,80.91,2.44
2021-12-07,30.02,0.0,75.17,3.28
2021-12-08,29.77,0.11,73.8,3.7
2021-12-09,30.16,0.0,72.09,2.76
2021-12-10,29.86,0.0,75.92,3.55
2021-12-11,29.92,0.0,76.93,3.24
2021-12-12,29.9,0.01,72.77,2.87
2021-12-13,28.95,0.01,76.54,2.22
2021-12-14,28.51,0.0,75.81,2.16
2021-12-15,28.48,0.2,78.08,2.32
2021-12-16,28.98,0.0,79.15,2.39
2021-12-17,28.14,0.0,78.75,2.21
2021-12-18,29.24,0.0,74.19,3.13
2021-12-19,28.27,0.0,70.03,3.49
2021-12-20,28.34,0.0,70.16,3.1
2021-12-21,28.18,0.0,68.61,2.72
2021-12-22,27.87,0.0,70.82,2.18
2021-12-23,28.59,0.0,69.55,2.35
2021-12-24,26.38,0.0,74.84,2.18
2021-12-25,27.18,0.0,75.66,2.07
2021-12-26,28.42,0.0,73.38,2.6
2021-12-27,29.65,0.0,64.51,2.43
2021-12-28,28.57,0.0,68.91,2.02
2021-12-29,27.97,0.0,72.4,3.19
2021-12-30,28.44,0.0,74.9,4.1
2021-12-31,29.32,0.0,72.8,4.24
2022-01-01,29.35,0.0,74.41,3.03
2022-01-02,29.72,0.0,74.94,2.59
2022-01-03,29.65,0.0,75.51,2.79
2022-01-04,30.29,0.0,67.61,2.33
2022-01-05,29.41,0.0,70.5,2.66
2022-01-06,28.09,0.13,80.65,2.23
2022-01-07,27.91,0.02,79.52,2.55
2022-01-08,27.4,1.44,79.95,2.09
2022-01-09,25.92,0.14,76.65,3.07
2022-01-10,25.25,0.0,68.16,2.92
2022-01-11,24.35,0.0,71.33,2.37
2022-01-12,25.93,0.0,75.72,2.79
2022-01-13,25.61,0.0,75.56,2.59
2022-01-14,26.58,0.06,80.04,1.96
2022-01-15,28.91,0.0,74.81,2.92
2022-01-16,30.69,0.0,68.21,3.21
2022-01-17,30.24,0.0,70.76,2.75
2022-01-18,31.06,0.0,67.99,2.65
2022-01-19,31.3,0.0,62.79,2.98
2022-01-20,30.23,0.0,61.19,2.63
2022-01-21,28.86,0.05,75.18,2.13
2022-01-22,27.72,0.31,82.71,2.84
2022-01-23,23.48,0.06,70.54,3.68
2022-01-24,24.64,0.0,56.47,3.07
2022-01-25,26.25,0.0,51.67,3.12
2022-01-26,28.19,0.0,53.89,2.78
2022-01-27,29.7,0.0,53.18,3.41
2022-01-28,30.47,0.0,51.74,3.94
2022-01-29,31.19,0.0,49.9,3.39
2022-01-30,31.51,0.0,54.42,2.5
2022-01-31,32.01,0.0,50.88,2.64
2022-02-01,32.34,0.0,51.89,2.89
2022-02-02,32.2,0.0,57.04,2.43
2022-02-03,29.19,0.0,75.37,2.47
2022-02-04,28.23,0.0,67.61,1.81
2022-02-05,30.71,0.0,54.14,2.64
2022-02-06,32.98,0.0,55.18,3.01
2022-02-07,28.47,0.0,70.0,2.4
2022-02-08,28.11,0.0,76.52,2.59
2022-02-09,29.49,0.02,73.77,2.72
2022-02-10,32.3,0.0,54.01,3.07
2022-02-11,33.62,0.0,46.98,3.89
2022-02-12,33.39,0.0,44.31,3.76
2022-02-13,33.48,0.0,47.62,2.91
2022-02-14,30.6,0.0,59.92,3.02
2022-02-15,29.69,0.0,65.51,2.52
2022-02-16,29.4,0.0,68.18,2.07
2022-02-17,31.14,0.0,64.2,2.33
2022-02-18,31.4,0.0,60.59,2.47
2022-02-19,34.21,0.0,60.12,2.4
2022-02-20,34.37,0.22,53.08,2.65
2022-02-21,34.15,0.0,46.69,2.59
2022-02-22,36.12,0.0,49.3,2.31
2022-02-23,36.41,0.0,50.89,2.41
2022-02-24,35.09,0.0,52.07,2.01
2022-02-25,35.44,0.0,50.76,2.26
2022-02-26,35.04,0.01,49.22,2.77
2022-02-27,35.49,0.0,46.02,2.95
2022-02-28,36.37,0.0,37.08,3.06
2022-03-01,37.26,0.0,36.97,3.16
2022-03-02,37.84,0.0,36.04,3.51
2022-03-03,37.73,0.0,32.24,4.53
2022-03-04,37.92,0.0,31.08,4.43
2022-03-05,38.25,0.0,31.74,3.75
2022-03-06,37.86,0.0,35.15,3.19
2022-03-07,37.57,0.17,37.29,3.27
2022-03-08,38.21,0.1,40.64,3.08
2022-03-09,38.34,0.1,43.33,2.82
2022-03-10,36.74,0.05,38.59,3.47
2022-03-11,37.68,0.21,39.37,2.59
2022-03-12,38.44,0.01,40.86,3.12
2022-03-13,39.74,0.0,32.93,3.68
2022-03-14,40.66,0.0,24.32,3.86
2022-03-15,40.97,0.0,33.22,3.43
2022-03-16,41.7,0.0,34.0,3.51
2022-03-17,42.16,0.24,32.54,3.36
2022-03-18,41.31,0.42,39.2,3.15
2022-03-19,39.65,0.45,55.26,2.89
2022-03-20,37.96,0.03,56.27,2.55
2022-03-21,39.27,0.01,54.65,3.12
2022-03-22,41.63,0.44,42.13,3.07
2022-03-23,41.74,2.24,38.79,2.79
2022-03-24,40.94,1.56,42.53,2.82
2022-03-25,38.93,0.0,54.55,2.16
2022-03-26,38.21,0.01,50.98,2.23
2022-03-27,40.36,0.0,53.99,2.12
2022-03-28,40.35,0.0,55.45,2.48
2022-03-29,40.87,0.08,47.88,3.01
2022-03-30,40.49,0.1,48.97,3.11
2022-03-31,39.9,0.0,51.74,2.85
2022-04-01,40.13,0.0,41.07,2.97
2022-04-02,40.17,0.0,47.83,2.51
2022-04-03,41.12,0.0,51.69,3.14
2022-04-04,41.17,0.03,47.13,2.53
2022-04-05,41.54,0.18,57.87,2.87
2022-04-06,41.37,0.22,58.25,2.79
2022-04-07,41.72,0.21,53.12,3.36
2022-04-08,41.66,0.4,50.55,2.81
2022-04-09,39.25,0.19,59.55,3.02
2022-04-10,38.41,0.05,59.2,2.4
2022-04-11,40.22,0.04,50.07,2.39
2022-04-12,41.38,0.0,42.96,2.53
2022-04-13,39.61,0.01,42.52,2.32
2022-04-14,37.75,0.02,51.02,2.7
2022-04-15,38.19,0.04,56.52,2.68
2022-04-16,38.96,0.02,55.78,2.51
2022-04-17,39.61,0.02,55.98,2.52
2022-04-18,39.88,0.02,54.88,2.71
2022-04-19,36.74,0.05,58.33,2.76
2022-04-20,37.27,0.14,57.24,3.03
2022-04-21,41.77,0.07,37.13,3.86
2022-04-22,42.36,0.78,39.62,3.33
2022-04-23,41.89,0.75,51.6,2.35
2022-04-24,40.42,0.28,56.67,2.89
2022-04-25,42.99,0.08,47.34,3.09
2022-04-26,40.77,0.13,45.35,2.65
2022-04-27,43.06,0.01,41.18,3.89
2022-04-28,42.99,0.02,39.55,3.61
2022-04-29,39.86,0.02,56.85,2.65
2022-04-30,39.94,0.02,53.78,2.87
2022-05-01,38.95,0.02,61.94,2.93
2022-05-02,37.48,0.02,64.58,2.76
2022-05-03,35.99,0.02,66.04,2.73
2022-05-04,38.57,0.0,59.01,2.83
2022-05-05,38.92,0.0,57.67,3.72
2022-05-06,39.25,0.03,59.43,3.6
2022-05-07,38.91,0.01,60.29,3.93
2022-05-08,40.0,0.14,60.13,3.34
2022-05-09,40.11,0.18,59.93,4.38
2022-05-10,38.79,0.14,62.65,4.78
2022-05-11,38.61,0.13,64.26,4.3
2022-05-12,37.48,0.13,64.53,4.69
2022-05-13,37.4,0.09,62.99,4.79
2022-05-14,37.69,0.08,62.45,4.86
2022-05-15,37.56,0.08,60.42,4.48
2022-05-16,38.42,0.25,61.34,3.99
2022-05-17,37.89,0.37,61.59,3.93
2022-05-18,37.5,0.16,61.28,3.8
2022-05-19,38.29,0.46,59.54,3.36
2022-05-20,36.9,0.15,62.3,4.27
2022-05-21,35.29,0.07,64.67,5.65
2022-05-22,35.51,0.3,65.44,6.13
2022-05-23,35.45,2.86,66.47,5.78
2022-05-24,35.66,1.9,66.9,4.82
2022-05-25,35.84,0.33,63.9,3.71
2022-05-26,36.05,0.05,59.8,3.97
2022-05-27,36.36,0.01,57.55,4.76
2022-05-28,36.4,0.01,58.19,4.94
2022-05-29,35.55,0.01,60.54,4.96
2022-05-30,36.22,0.01,60.97,4.58
2022-05-31,36.35,0.27,59.31,4.6
2022-06-01,36.9,0.53,61.91,4.12
2022-06-02,36.57,0.19,60.14,4.34
2022-06-03,36.6,0.25,62.25,4.51
2022-06-04,37.18,0.27,61.11,4.22
2022-06-05,37.18,0.12,60.92,3.67
2022-06-06,36.59,0.12,60.3,3.87
2022-06-07,35.05,1.52,64.42,4.05
2022-06-08,34.67,1.23,68.62,4.06
2022-06-09,34.03,3.12,70.23,3.65
2022-06-10,32.6,11.24,75.9,3.27
2022-06-11,30.67,25.37,83.6,4.4
2022-06-12,32.0,5.52,77.7,4.66
2022-06-13,33.79,1.57,74.91,4.85
2022-06-14,34.55,1.62,73.74,4.86
2022-06-15,32.9,4.86,77.59,4.59
2022-06-16,32.34,9.21,77.28,4.28
2022-06-17,30.7,7.5,81.25,3.81
2022-06-18,32.84,6.8,77.67,4.72
2022-06-19,32.04,29.13,81.66,5.65
2022-06-20,30.69,20.72,82.69,5.72
2022-06-21,30.13,13.0,84.32,5.42
2022-06-22,29.18,22.48,86.91,2.72
2022-06-23,31.8,17.38,80.51,2.62
2022-06-24,29.47,16.31,87.58,2.79
2022-06-25,29.25,5.29,88.22,4.02
2022-06-26,29.68,14.31,88.07,3.73
2022-06-27,29.38,17.53,88.01,5.58
2022-06-28,30.12,14.12,85.27,4.79
2022-06-29,30.63,33.66,87.56,5.11
2022-06-30,29.16,52.41,88.66,5.46
2022-07-01,29.06,67.86,89.84,4.93
2022-07-02,29.94,27.73,86.86,5.97
2022-07-03,29.87,20.14,86.22,6.44
2022-07-04,28.68,63.8,89.93,6.42
2022-07-05,27.96,97.61,90.69,6.04
2022-07-06,28.95,83.32,90.02,6.17
2022-07-07,28.24,54.55,90.45,6.26
2022-07-08,27.53,71.1,91.81,6.47
2022-07-09,27.57,44.3,91.43,6.49
2022-07-10,26.64,57.38,93.19,6.17
2022-07-11,26.81,92.15,93.53,6.71
2022-07-12,26.57,78.31,93.02,6.95
2022-07-13,26.8,97.86,93.37,7.34
2022-07-14,26.34,102.07,94.02,7.19
2022-07-15,27.0,44.43,91.81,7.26
2022-07-16,28.23,34.07,91.31,7.44
2022-07-17,28.6,18.55,90.85,5.85
2022-07-18,26.78,22.58,92.51,4.46
2022-07-19,28.41,32.15,90.9,5.37
2022-07-20,28.49,13.99,89.77,5.27
2022-07-21,28.53,10.5,89.85,4.63
2022-07-22,28.35,6.48,89.48,4.08
2022-07-23,27.84,25.04,91.03,5.0
2022-07-24,27.73,29.04,90.7,5.38
2022-07-25,27.96,17.28,89.2,4.79
2022-07-26,28.77,6.35,88.74,3.73
2022-07-27,29.17,15.21,89.38,2.46
2022-07-28,29.49,13.36,88.77,2.12
2022-07-29,29.42,1.53,89.76,2.55
2022-07-30,29.63,1.2,88.82,2.57
2022-07-31,29.44,2.31,88.01,3.04
2022-08-01,29.94,1.84,86.25,3.45
2022-08-02,28.78,7.84,89.38,3.41
2022-08-03,29.18,10.06,90.06,3.35
2022-08-04,28.62,16.52,90.79,2.44
2022-08-05,29.37,12.38,90.78,3.43
2022-08-06,28.59,15.64,90.06,4.83
2022-08-07,27.81,41.89,92.71,3.94
2022-08-08,27.36,67.89,93.49,6.25
2022-08-09,26.77,63.72,93.27,8.53
2022-08-10,27.29,31.77,92.37,8.83
2022-08-11,27.21,42.45,91.06,9.7
2022-08-12,27.95,19.49,90.03,8.83
2022-08-13,28.04,18.71,89.71,6.92
2022-08-14,28.06,16.76,89.21,6.61
2022-08-15,27.09,38.81,92.04,5.81
2022-08-16,26.58,35.62,91.8,6.65
2022-08-17,27.46,21.5,90.81,6.85
2022-08-18,28.17,13.35,90.61,5.3
2022-08-19,28.37,12.82,90.66,5.06
2022-08-20,28.13,12.06,90.22,5.0
2022-08-21,27.3,8.92,90.88,4.7
2022-08-22,27.55,13.02,90.81,5.62
2022-08-23,28.25,19.73,90.83,5.81
2022-08-24,28.37,11.99,89.84,4.87
2022-08-25,28.64,5.61,89.34,3.85
2022-08-26,28.57,1.79,88.57,2.82
2022-08-27,29.16,0.23,86.9,2.5
2022-08-28,28.79,1.29,88.09,2.32
2022-08-29,29.58,1.41,86.31,2.26
2022-08-30,29.98,2.39,87.97,2.66
2022-08-31,30.66,10.34,90.17,2.86
2022-09-01,28.77,7.4,92.6,2.98
2022-09-02,30.22,4.56,89.86,1.91
2022-09-03,31.27,7.92,88.27,2.41
2022-09-04,29.58,7.41,91.41,2.33
2022-09-05,28.89,9.92,89.75,2.62
2022-09-06,29.33,11.6,89.04,2.22
2022-09-07,30.32,7.64,89.75,3.02
2022-09-08,30.99,77.44,87.4,2.01
2022-09-09,31.49,10.26,87.22,2.04
2022-09-10,30.96,10.35,88.48,1.69
2022-09-11,29.7,23.75,91.65,3.71
2022-09-12,26.75,34.64,93.33,3.81
2022-09-13,27.8,32.84,91.93,5.01
2022-09-14,28.19,29.54,91.35,6.05
2022-09-15,28.35,44.49,91.66,6.9
2022-09-16,27.19,58.87,94.07,4.81
2022-09-17,28.66,33.52,90.95,4.57
2022-09-18,28.42,33.66,88.84,3.06
2022-09-19,28.64,8.83,87.09,3.29
2022-09-20,27.79,7.04,88.87,3.21
2022-09-21,27.54,3.56,89.68,3.27
2022-09-22,27.64,4.46,89.49,2.84
2022-09-23,26.86,7.01,92.24,3.15
2022-09-24,28.24,4.36,90.48,2.93
2022-09-25,28.68,6.0,89.59,2.63
2022-09-26,28.76,3.33,87.47,2.3
2022-09-27,28.52,1.82,88.02,2.37
2022-09-28,27.81,1.3,90.34,2.89
2022-09-29,28.64,8.77,89.79,2.97
2022-09-30,30.22,19.04,89.73,2.79
2022-10-01,29.63,6.19,89.43,2.84
2022-10-02,28.92,2.45,88.86,2.59
2022-10-03,29.41,0.22,86.64,2.65
2022-10-04,30.29,1.27,87.88,2.86
2022-10-05,29.9,1.03,87.09,3.27
2022-10-06,28.12,8.62,89.29,2.75
2022-10-07,27.86,43.1,92.95,4.57
2022-10-08,27.07,14.9,92.31,3.31
2022-10-09,29.55,0.57,87.78,2.75
2022-10-10,29.99,0.99,86.88,1.95
2022-10-11,29.88,16.35,89.19,1.97
2022-10-12,28.84,8.97,91.07,2.1
2022-10-13,29.06,7.79,86.62,3.21
2022-10-14,30.82,26.96,86.42,2.74
2022-10-15,30.69,11.55,83.23,3.48
2022-10-16,31.76,0.31,79.8,3.67
2022-10-17,31.22,7.19,87.36,2.59
2022-10-18,28.5,14.15,89.27,1.58
2022-10-19,30.59,2.32,86.83,1.9
2022-10-20,31.51,3.2,83.33,2.18
2022-10-21,30.95,10.32,84.86,3.06
2022-10-22,29.79,0.16,80.62,3.84
2022-10-23,29.75,0.0,73.62,3.99
2022-10-24,30.1,0.0,70.77,2.7
2022-10-25,29.76,0.0,68.13,2.25
2022-10-26,30.32,0.0,71.45,2.84
2022-10-27,29.86,0.0,71.25,3.06
2022-10-28,29.51,0.0,71.09,3.45
2022-10-29,30.01,0.0,70.61,4.11
2022-10-30,30.1,0.0,73.53,4.02
2022-10-31,30.17,0.0,73.71,3.65
2022-11-01,29.04,0.0,73.36,3.69
2022-11-02,30.08,0.0,74.5,3.61
2022-11-03,30.75,0.0,72.35,4.14
2022-11-04,30.49,0.0,70.4,3.89
2022-11-05,31.77,0.0,65.34,4.05
2022-11-06,31.67,0.0,64.19,3.77
2022-11-07,31.58,0.0,67.23,2.91
2022-11-08,31.29,0.0,72.17,2.61
2022-11-09,31.37,0.0,70.99,2.24
2022-11-10,29.99,0.0,74.49,3.78
2022-11-11,29.84,0.0,76.4,4.14
2022-11-12,29.97,0.12,77.02,4.2
2022-11-13,29.87,0.61,75.02,3.85
2022-11-14,30.89,0.0,75.93,2.91
2022-11-15,29.98,0.0,74.1,2.84
2022-11-16,29.11,0.0,73.12,2.98
2022-11-17,29.18,0.0,72.28,3.85
2022-11-18,28.57,0.0,70.73,4.06
2022-11-19,28.45,0.0,70.07,4.3
2022-11-20,27.27,0.0,68.97,4.2
2022-11-21,27.68,0.0,66.35,3.57
2022-11-22,28.92,0.01,70.34,3.25
2022-11-23,29.91,0.0,73.28,3.25
2022-11-24,30.87,0.0,72.95,3.2
2022-11-25,31.12,0.0,77.58,3.24
2022-11-26,30.29,0.0,78.95,2.74
2022-11-27,30.29,0.0,78.18,2.67
2022-11-28,29.79,0.0,72.9,2.24
2022-11-29,30.4,0.0,68.11,2.56
2022-11-30,29.7,0.0,72.18,3.14
2022-12-01,29.95,0.0,65.19,3.32
2022-12-02,30.86,0.0,64.95,2.91
2022-12-03,31.04,0.0,69.27,2.49
2022-12-04,30.87,0.0,77.46,2.33
2022-12-05,30.89,0.01,77.54,2.3
2022-12-06,30.67,0.01,75.12,2.87
2022-12-07,30.19,0.0,73.83,3.18
2022-12-08,29.15,1.71,68.79,3.93
2022-12-09,28.74,1.44,64.82,4.12
2022-12-10,29.98,0.0,65.05,3.37
2022-12-11,31.17,0.0,77.25,2.92
2022-12-12,31.17,0.12,78.62,2.66
2022-12-13,31.04,0.17,77.97,2.94
2022-12-14,29.49,1.14,82.69,3.22
2022-12-15,29.81,0.82,80.7,2.85
2022-12-16,31.97,0.04,76.92,2.93
2022-12-17,32.51,0.01,73.85,2.97
2022-12-18,31.96,0.0,71.8,3.27
2022-12-19,31.12,0.0,63.93,3.41
2022-12-20,31.52,0.0,60.95,3.34
2022-12-21,32.03,0.0,62.99,3.34
2022-12-22,31.91,0.0,64.21,2.81
2022-12-23,29.42,0.0,64.57,2.82
2022-12-24,29.51,0.0,57.21,2.76
2022-12-25,28.04,0.0,59.94,2.17
2022-12-26,29.54,0.0,70.31,2.22
2022-12-27,31.95,0.0,69.43,2.8
2022-12-28,32.59,0.0,58.48,2.71
2022-12-29,32.11,0.0,57.39,2.48
2022-12-30,31.91,0.0,59.22,2.81
2022-12-31,31.28,0.0,58.99,3.2
2023-01-01,30.52,0.0,58.82,2.82
2023-01-02,32.15,0.0,61.81,3.26
2023-01-03,31.76,0.0,59.42,3.41
2023-01-04,30.88,0.0,60.06,3.04
2023-01-05,31.3,0.0,67.65,3.98
2023-01-06,31.31,0.0,68.62,3.9
2023-01-07,31.48,0.0,65.82,3.56
2023-01-08,30.83,0.0,59.31,3.53
2023-01-09,30.99,0.0,47.87,3.69
2023-01-10,31.95,0.0,43.96,3.34
2023-01-11,32.09,0.0,49.22,3.18
2023-01-12,30.1,0.0,50.19,2.65
2023-01-13,27.93,0.0,70.41,2.74
2023-01-14,28.22,0.0,57.29,2.94
2023-01-15,29.39,0.0,53.69,2.69
2023-01-16,29.06,0.0,52.86,2.28
2023-01-17,29.58,0.0,52.31,2.34
2023-01-18,32.48,0.0,51.62,2.57
2023-01-19,32.67,0.0,52.91,2.94
2023-01-20,31.2,0.0,55.57,2.06
2023-01-21,30.59,0.0,61.8,2.4
2023-01-22,28.56,0.0,59.27,2.7
2023-01-23,28.14,0.0,55.66,3.01
2023-01-24,26.57,0.0,58.97,2.82
2023-01-25,28.01,0.0,53.08,3.38
2023-01-26,31.38,0.0,56.78,2.93
2023-01-27,34.14,0.0,60.04,3.24
2023-01-28,34.13,0.02,58.91,3.85
2023-01-29,29.7,0.15,79.7,2.06
2023-01-30,30.07,0.01,73.76,2.58
2023-01-31,33.42,0.0,56.37,3.66
2023-02-01,33.14,0.18,54.2,4.37
2023-02-02,33.44,0.01,51.16,4.19
2023-02-03,33.5,0.0,42.21,3.74
2023-02-04,34.65,0.0,41.77,3.0
2023-02-05,34.81,0.0,40.27,3.16
2023-02-06,33.18,0.0,38.86,3.14
2023-02-07,34.06,0.0,44.8,3.3
2023-02-08,36.45,0.0,41.16,3.26
2023-02-09,37.5,0.0,34.55,3.73
2023-02-10,37.36,0.0,36.02,3.17
2023-02-11,36.34,0.0,33.81,3.4
2023-02-12,37.45,0.0,30.28,4.19
2023-02-13,37.59,0.0,31.1,4.31
2023-02-14,38.07,0.0,26.8,4.07
2023-02-15,38.39,0.0,26.95,3.54
2023-02-16,39.3,0.0,26.54,4.11
2023-02-17,39.17,0.0,26.14,4.1
2023-02-18,38.93,0.0,27.61,3.92
2023-02-19,39.41,0.0,28.08,3.68
2023-02-20,37.67,0.0,29.22,2.87
2023-02-21,37.05,0.0,30.0,3.14
2023-02-22,36.69,0.0,32.41,3.26
2023-02-23,38.65,0.0,27.93,3.19
2023-02-24,39.39,0.0,24.65,3.53
2023-02-25,38.9,0.0,24.79,3.45
2023-02-26,38.68,0.0,21.77,3.8
2023-02-27,38.93,0.0,21.92,3.62
2023-02-28,37.84,0.0,25.94,3.13
2023-03-01,38.02,0.0,28.07,2.74
2023-03-02,38.77,0.0,29.48,2.94
2023-03-03,39.28,0.0,31.1,2.63
2023-03-04,39.2,0.0,33.89,2.68
2023-03-05,38.63,0.12,36.74,2.63
2023-03-06,38.19,2.44,37.3,2.97
2023-03-07,36.37,0.9,34.9,3.51
2023-03-08,37.75,0.02,33.52,3.1
2023-03-09,38.23,0.0,28.94,4.03
2023-03-10,38.21,0.0,23.9,4.12
2023-03-11,39.04,0.0,24.43,3.44
2023-03-12,39.57,0.0,30.49,2.86
2023-03-13,38.58,0.0,30.16,3.13
2023-03-14,38.16,0.0,29.83,2.57
2023-03-15,37.17,0.32,34.95,2.45
2023-03-16,33.93,0.86,47.94,2.38
2023-03-17,35.24,1.08,54.07,2.85
2023-03-18,34.53,0.87,51.64,2.75
2023-03-19,32.97,0.67,56.7,2.79
2023-03-20,32.32,1.23,59.62,3.24
2023-03-21,31.75,7.46,60.63,2.62
2023-03-22,32.93,0.01,60.69,2.87
2023-03-23,32.65,0.0,61.6,3.27
2023-03-24,34.37,0.0,60.3,3.52
2023-03-25,33.51,0.0,51.93,3.26
2023-03-26,33.93,0.0,52.78,3.34
2023-03-27,34.46,0.0,59.53,2.95
2023-03-28,35.86,0.02,59.21,2.75
2023-03-29,35.69,0.0,58.03,2.82
2023-03-30,34.59,0.0,58.84,2.56
2023-03-31,33.83,0.03,57.27,3.37
2023-04-01,36.18,0.0,51.68,3.37
2023-04-02,35.14,0.0,57.81,3.12
2023-04-03,35.74,0.0,55.57,2.88
2023-04-04,36.83,0.0,54.91,2.89
2023-04-05,38.17,0.03,50.43,2.99
2023-04-06,38.85,0.18,48.92,3.58
2023-04-07,39.42,0.28,35.04,3.13
2023-04-08,40.01,0.03,35.68,3.05
2023-04-09,40.02,0.5,38.74,2.84
2023-04-10,41.58,0.07,38.7,3.23
2023-04-11,41.66,0.09,44.8,2.74
2023-04-12,41.3,1.31,41.25,3.43
2023-04-13,40.37,0.12,35.01,3.4
2023-04-14,37.2,2.29,45.28,2.34
2023-04-15,40.29,0.55,44.99,2.61
2023-04-16,39.83,0.7,43.45,2.63
2023-04-17,39.87,0.14,43.44,2.95
2023-04-18,42.58,0.24,39.31,3.56
2023-04-19,42.76,0.28,35.5,3.64
2023-04-20,39.43,0.76,47.0,3.3
2023-04-21,37.46,0.08,54.63,3.22
2023-04-22,36.01,0.0,58.87,3.18
2023-04-23,36.91,0.0,57.48,3.49
2023-04-24,38.23,0.0,49.32,2.85
2023-04-25,40.55,0.0,35.23,3.18
2023-04-26,34.6,0.31,59.91,3.21
2023-04-27,36.59,0.16,55.27,2.49
2023-04-28,36.17,0.21,55.49,2.84
2023-04-29,36.07,0.26,53.03,2.73
2023-04-30,35.27,0.77,55.36,3.18
2023-05-01,36.35,0.01,49.19,2.97
2023-05-02,35.41,1.54,56.53,2.58
2023-05-03,35.58,0.28,57.88,3.23
2023-05-04,36.46,0.16,54.34,2.84
2023-05-05,36.74,0.05,55.04,2.92
2023-05-06,36.76,0.09,56.88,3.42
2023-05-07,36.35,0.25,58.97,3.2
2023-05-08,37.49,0.83,58.26,3.25
2023-05-09,40.17,0.66,54.97,3.09
2023-05-10,41.29,0.17,53.35,3.06
2023-05-11,41.66,0.06,55.3,2.59
2023-05-12,39.81,0.01,60.04,2.93
2023-05-13,39.8,0.0,60.07,3.25
2023-05-14,38.33,0.0,57.72,3.38
2023-05-15,37.31,0.01,61.62,3.47
2023-05-16,36.46,0.03,65.04,3.63
2023-05-17,38.84,0.02,60.33,3.64
2023-05-18,39.3,0.01,58.1,3.39
2023-05-19,39.22,0.01,57.49,3.23
2023-05-20,38.01,0.03,62.41,3.07
2023-05-21,38.22,0.16,60.68,3.24
2023-05-22,38.9,0.27,56.71,3.28
2023-05-23,39.66,0.03,54.86,3.23
2023-05-24,38.1,0.12,56.89,3.56
2023-05-25,36.87,0.34,59.97,4.04
2023-05-26,36.21,2.23,60.81,4.29
2023-05-27,35.83,0.77,59.99,4.23
2023-05-28,37.02,0.57,61.24,3.88
2023-05-29,38.78,0.86,61.37,3.53
2023-05-30,39.42,1.41,57.32,3.31
2023-05-31,38.63,0.46,57.47,2.87
2023-06-01,38.96,0.45,58.43,3.42
2023-06-02,36.81,0.99,63.41,3.74
2023-06-03,34.5,1.59,68.69,3.25
2023-06-04,34.55,3.67,70.22,2.98
2023-06-05,34.6,2.68,71.39,2.86
2023-06-06,36.24,0.2,67.22,3.07
2023-06-07,35.67,0.18,67.33,3.06
2023-06-08,36.46,0.13,66.31,2.78
2023-06-09,34.48,2.95,70.11,3.95
2023-06-10,35.56,3.67,70.06,5.91
2023-06-11,36.01,0.67,65.9,7.59
2023-06-12,35.92,6.14,65.33,8.72
2023-06-13,34.84,2.62,68.85,7.81
2023-06-14,35.18,10.22,69.54,7.86
2023-06-15,34.6,3.32,71.44,7.96
2023-06-16,34.28,2.52,73.47,8.69
2023-06-17,33.97,1.75,74.15,7.17
2023-06-18,33.88,0.6,74.36,5.59
2023-06-19,34.75,0.3,73.52,4.66
2023-06-20,34.62,0.37,73.31,4.55
2023-06-21,34.37,0.38,72.87,4.09
2023-06-22,34.4,1.49,73.01,3.95
2023-06-23,34.96,2.76,72.31,3.94
2023-06-24,30.7,55.03,84.46,3.77
2023-06-25,31.28,48.76,84.09,3.09
2023-06-26,29.55,60.95,84.99,3.76
2023-06-27,28.0,64.05,87.71,3.27
2023-06-28,29.6,55.61,87.84,6.17
2023-06-29,28.98,20.18,84.97,5.91
2023-06-30,28.48,98.85,90.88,6.1
2023-07-01,28.78,37.16,89.98,6.09
2023-07-02,29.64,26.88,88.65,5.68
2023-07-03,29.48,40.78,89.9,4.89
2023-07-04,29.19,33.35,91.89,4.14
2023-07-05,29.75,18.17,90.24,4.21
2023-07-06,28.2,41.31,91.41,4.3
2023-07-07,28.44,58.42,93.43,6.76
2023-07-08,28.92,24.86,89.74,7.02
2023-07-09,28.89,13.56,89.38,6.38
2023-07-10,29.06,6.49,88.89,5.13
2023-07-11,29.17,5.06,88.96,4.51
2023-07-12,29.16,8.38,89.6,3.67
2023-07-13,29.36,23.03,89.12,3.65
2023-07-14,29.01,30.68,90.31,4.31
2023-07-15,29.19,14.66,89.76,4.78
2023-07-16,28.96,25.31,91.59,4.68
2023-07-17,28.86,52.73,90.12,5.42
2023-07-18,28.32,129.54,92.45,6.63
2023-07-19,27.71,136.7,92.73,6.88
2023-07-20,27.82,63.91,92.97,6.94
2023-07-21,27.56,78.36,93.01,5.6
2023-07-22,26.92,60.22,93.97,5.88
2023-07-23,28.19,48.71,92.77,6.75
2023-07-24,28.33,61.74,92.2,6.44
2023-07-25,27.15,60.93,93.85,5.22
2023-07-26,27.43,112.09,93.55,5.63
2023-07-27,27.33,80.52,93.2,6.17
2023-07-28,27.98,52.54,92.03,6.07
2023-07-29,28.25,25.27,90.8,5.9
2023-07-30,28.11,18.35,91.69,5.73
2023-07-31,28.46,15.75,91.64,6.09
2023-08-01,28.12,16.14,91.56,6.37
2023-08-02,27.8,7.61,91.66,6.04
2023-08-03,27.83,5.84,90.48,5.82
2023-08-04,28.35,13.43,90.24,6.15
2023-08-05,28.23,8.19,90.23,5.5
2023-08-06,28.33,5.59,89.87,5.72
2023-08-07,27.77,3.39,89.58,5.57
2023-08-08,28.6,4.73,89.06,5.42
2023-08-09,28.23,5.86,90.39,4.37
2023-08-10,27.95,9.57,90.12,4.03
2023-08-11,29.15,4.05,87.94,3.95
2023-08-12,28.79,4.83,87.7,4.32
2023-08-13,27.89,5.99,89.2,4.56
2023-08-14,28.54,2.91,88.41,4.58
2023-08-15,28.85,2.44,87.29,4.27
2023-08-16,29.15,3.93,87.73,3.86
2023-08-17,29.38,2.77,87.82,3.97
2023-08-18,28.58,2.64,88.29,4.17
2023-08-19,29.43,6.83,88.07,4.59
2023-08-20,28.94,8.01,88.64,4.53
2023-08-21,29.11,4.27,87.58,3.74
2023-08-22,29.09,9.25,88.66,3.76
2023-08-23,28.82,6.84,89.56,3.84
2023-08-24,29.25,12.16,89.74,4.37
2023-08-25,29.55,17.75,89.63,4.55
2023-08-26,29.23,19.21,89.06,4.69
2023-08-27,29.77,18.6,88.54,4.35
2023-08-28,28.97,10.12,90.29,3.48
2023-08-29,29.76,1.43,87.35,2.83
2023-08-30,30.14,0.25,85.33,2.16
2023-08-31,30.79,0.28,86.41,2.25
2023-09-01,31.14,10.61,87.1,2.43
2023-09-02,28.07,23.17,90.45,2.87
2023-09-03,29.5,3.75,87.68,2.85
2023-09-04,29.39,1.19,87.53,3.21
2023-09-05,29.76,0.67,86.33,2.97
2023-09-06,29.32,3.23,88.92,3.69
2023-09-07,26.71,69.38,92.71,4.84
2023-09-08,27.26,66.91,92.93,5.44
2023-09-09,28.63,14.62,91.55,4.66
2023-09-10,29.45,5.8,90.72,3.98
2023-09-11,29.76,3.58,89.74,4.28
2023-09-12,29.56,1.38,88.44,3.51
2023-09-13,29.21,4.79,88.64,3.54
2023-09-14,29.35,6.99,87.4,2.63
2023-09-15,29.39,2.06,88.49,2.71
2023-09-16,28.64,7.68,91.14,4.01
2023-09-17,29.61,9.28,89.42,4.93
2023-09-18,29.82,16.68,89.08,5.37
2023-09-19,29.72,12.85,88.69,5.05
2023-09-20,29.81,18.3,90.8,4.59
2023-09-21,29.34,31.49,92.2,2.91
2023-09-22,29.09,17.51,91.06,2.32
2023-09-23,27.98,32.05,93.22,2.54
2023-09-24,28.45,13.16,91.28,2.63
2023-09-25,28.93,14.84,91.69,2.75
2023-09-26,28.26,19.45,91.69,2.34
2023-09-27,29.29,20.73,91.89,3.05
2023-09-28,30.13,17.43,90.49,2.82
2023-09-29,31.26,16.05,86.97,2.87
2023-09-30,30.4,18.01,90.18,3.1
2023-10-01,29.04,13.51,92.56,3.25
2023-10-02,29.21,10.45,88.89,2.64
2023-10-03,29.64,0.01,85.85,2.0
2023-10-04,30.29,0.0,86.57,2.06
2023-10-05,30.08,0.01,87.03,2.34
2023-10-06,30.44,0.04,85.84,2.11
2023-10-07,31.09,0.0,86.21,2.29
2023-10-08,32.43,0.0,83.12,2.28
2023-10-09,31.61,0.0,82.8,2.56
2023-10-10,31.13,0.0,83.43,2.97
2023-10-11,31.61,0.0,81.64,2.46
2023-10-12,33.29,0.0,77.74,2.29
2023-10-13,33.61,0.05,76.37,2.61
2023-10-14,33.26,0.08,72.26,2.02
2023-10-15,32.98,0.21,77.19,2.29
2023-10-16,32.69,0.4,76.57,2.07
2023-10-17,32.95,0.45,75.47,2.12
2023-10-18,32.58,0.04,77.28,3.11
2023-10-19,32.98,0.01,75.36,2.58
2023-10-20,32.63,0.02,74.32,2.35
2023-10-21,32.24,0.01,76.12,2.71
2023-10-22,32.25,0.05,77.2,2.37
2023-10-23,32.76,0.0,73.63,2.67
2023-10-24,32.35,0.0,73.59,2.82
2023-10-25,32.32,0.0,71.17,3.3
2023-10-26,31.85,0.0,65.69,3.78
2023-10-27,31.81,0.0,64.9,3.47
2023-10-28,32.3,0.0,64.73,3.03
2023-10-29,32.69,0.0,63.93,2.77
2023-10-30,32.31,0.0,65.25,3.46
2023-10-31,31.68,0.0,67.0,3.43
2023-11-01,31.66,0.0,70.12,3.46
2023-11-02,31.66,0.0,69.93,3.06
2023-11-03,32.47,0.0,69.14,3.31
2023-11-04,33.43,0.0,66.62,3.85
2023-11-05,32.35,0.01,72.09,3.53
2023-11-06,31.15,0.01,71.9,4.06
2023-11-07,31.82,0.0,76.32,3.16
2023-11-08,30.69,3.53,81.78,2.84
2023-11-09,30.42,0.72,82.13,1.9
2023-11-10,28.39,11.2,86.64,2.72
2023-11-11,32.13,1.33,74.28,3.29
2023-11-12,32.75,0.0,70.49,3.97
2023-11-13,32.04,0.0,70.54,3.66
2023-11-14,32.08,0.0,67.93,2.92
2023-11-15,31.52,0.0,68.0,2.84
2023-11-16,31.51,0.0,66.02,3.08
2023-11-17,31.31,0.0,66.33,3.35
2023-11-18,31.51,0.0,68.25,2.99
2023-11-19,31.79,0.0,72.54,2.57
2023-11-20,32.63,0.0,70.45,3.05
2023-11-21,31.71,0.0,69.59,3.38
2023-11-22,30.78,0.0,67.69,3.59
2023-11-23,31.16,0.0,68.09,3.02
2023-11-24,31.88,0.01,72.67,3.15
2023-11-25,32.55,1.59,70.86,3.28
2023-11-26,30.24,6.62,82.77,3.47
2023-11-27,29.49,5.52,84.42,2.28
2023-11-28,28.87,0.08,83.86,2.14
2023-11-29,28.52,0.0,81.23,2.07
2023-11-30,29.72,0.08,82.04,2.13
2023-12-01,29.49,0.09,83.39,2.07
2023-12-02,31.28,0.04,78.83,2.65
2023-12-03,31.68,0.0,75.05,3.13
2023-12-04,32.13,0.02,75.79,2.82
2023-12-05,31.54,0.0,71.85,2.85
2023-12-06,29.59,0.0,72.12,3.54
2023-12-07,29.8,0.01,73.0,2.61
2023-12-08,30.52,0.0,73.51,2.79
2023-12-09,31.59,0.0,68.87,2.47
2023-12-10,31.49,0.0,71.24,2.71
2023-12-11,30.9,0.0,71.95,2.32
2023-12-12,30.25,0.0,70.28,2.3
2023-12-13,31.12,0.0,67.11,2.32
2023-12-14,30.88,0.0,63.28,3.71
2023-12-15,30.38,0.0,59.93,3.52
2023-12-16,30.23,0.0,60.77,2.47
2023-12-17,30.81,0.05,67.15,3.37
2023-12-18,28.79,0.33,64.3,5.64
2023-12-19,29.51,0.0,60.35,5.33
2023-12-20,28.16,0.0,58.44,4.17
2023-12-21,27.37,0.0,58.9,3.94
2023-12-22,30.83,0.0,52.96,2.72
2023-12-23,33.67,0.0,54.41,2.88
2023-12-24,33.48,0.0,53.66,3.76
2023-12-25,34.44,0.0,53.31,3.86
2023-12-26,33.73,0.0,54.22,3.48
2023-12-27,33.22,0.0,57.23,3.5
2023-12-28,33.18,0.0,58.23,3.31
2023-12-29,33.81,0.0,54.61,2.75
2023-12-30,33.54,0.0,59.36,3.12
2023-12-31,33.56,0.0,58.35,2.82
2024-01-01,32.8,0.0,60.93,2.66
2024-01-02,32.39,0.0,59.98,2.65
2024-01-03,31.84,0.0,58.83,3.0
2024-01-04,30.19,0.0,56.52,2.48
2024-01-05,29.32,0.0,58.2,2.6
2024-01-06,32.18,0.0,59.31,3.3
2024-01-07,31.75,0.02,66.73,3.41
2024-01-08,33.74,0.05,59.62,3.81
2024-01-09,32.4,0.98,64.74,3.23
2024-01-10,32.22,0.02,61.47,2.77
2024-01-11,33.9,0.0,60.29,2.71
2024-01-12,34.97,0.0,54.63,3.59
2024-01-13,34.47,0.0,56.25,3.44
2024-01-14,32.99,0.0,51.18,3.51
2024-01-15,31.48,0.0,46.99,3.51
2024-01-16,30.62,0.0,50.53,2.62
2024-01-17,29.29,0.0,59.44,2.28
2024-01-18,29.41,0.0,60.56,2.22
2024-01-19,30.46,0.0,54.63,2.57
2024-01-20,29.74,0.0,56.87,2.29
2024-01-21,32.55,0.0,50.56,2.77
2024-01-22,32.35,0.0,50.34,3.82
2024-01-23,31.41,0.0,42.88,3.99
2024-01-24,31.96,0.0,39.82,3.56
2024-01-25,32.85,0.0,38.69,3.58
2024-01-26,33.9,0.0,39.77,3.67
2024-01-27,34.96,0.0,41.99,3.01
2024-01-28,34.38,0.0,43.14,3.05
2024-01-29,34.21,0.0,41.04,3.06
2024-01-30,33.18,0.0,42.87,3.02
2024-01-31,32.36,0.0,50.28,2.57
2024-02-01,30.33,0.04,62.49,2.56
2024-02-02,32.46,0.0,58.78,3.05
2024-02-03,36.15,0.0,43.6,3.65
2024-02-04,36.59,0.0,43.02,3.05
2024-02-05,35.53,0.0,44.68,2.72
2024-02-06,36.01,0.0,45.82,2.72
2024-02-07,35.76,0.0,48.38,3.33
2024-02-08,36.82,0.0,41.94,3.45
2024-02-09,35.86,0.0,42.83,2.97
2024-02-10,34.62,0.0,39.59,3.22
2024-02-11,35.01,0.0,36.76,2.93
2024-02-12,34.81,0.0,39.34,2.69
2024-02-13,34.25,0.0,41.39,2.84
2024-02-14,35.96,0.0,32.14,3.8
2024-02-15,37.08,0.0,33.67,3.33
2024-02-16,37.5,0.0,41.09,3.37
2024-02-17,37.78,0.0,38.58,2.65
2024-02-18,37.12,0.0,38.04,2.33
2024-02-19,36.24,0.0,39.26,2.29
2024-02-20,34.35,0.0,55.65,3.05
2024-02-21,32.6,0.0,67.66,2.79
2024-02-22,32.91,0.0,65.1,2.85
2024-02-23,33.49,0.0,54.44,2.97
2024-02-24,34.73,0.0,28.2,3.7
2024-02-25,36.44,0.0,21.75,3.5
2024-02-26,38.04,0.0,31.49,3.16
2024-02-27,37.33,0.01,36.8,2.57
2024-02-28,39.29,0.0,39.52,3.17
2024-02-29,40.05,0.18,40.75,2.66
2024-03-01,38.31,0.95,51.93,2.29
2024-03-02,34.93,0.37,60.91,3.26
2024-03-03,30.41,0.09,63.04,4.2
2024-03-04,32.61,0.0,45.96,3.25
2024-03-05,35.13,0.0,31.66,3.03
2024-03-06,34.49,0.0,29.34,2.72
2024-03-07,37.65,0.0,32.64,3.49
2024-03-08,38.15,0.0,29.81,4.14
2024-03-09,38.82,0.0,29.07,3.55
2024-03-10,38.0,0.0,31.3,2.99
2024-03-11,39.31,0.02,33.83,3.44
2024-03-12,38.82,0.03,42.17,3.42
2024-03-13,36.51,0.0,54.48,3.39
2024-03-14,35.59,0.0,53.52,3.2
2024-03-15,34.75,0.0,50.69,2.59
2024-03-16,34.82,0.0,46.77,2.43
2024-03-17,36.04,0.0,47.09,2.18
2024-03-18,36.71,0.0,50.8,2.36
2024-03-19,37.48,0.08,53.7,3.05
2024-03-20,40.65,0.02,29.75,3.74
2024-03-21,40.15,0.01,22.3,3.35
2024-03-22,39.41,0.1,37.13,2.38
2024-03-23,38.39,0.02,45.86,3.04
2024-03-24,39.08,0.0,49.81,2.78
2024-03-25,39.93,0.01,50.83,3.05
2024-03-26,40.59,0.02,55.7,2.38
2024-03-27,40.74,0.06,56.82,2.52
2024-03-28,39.67,0.03,56.87,2.54
2024-03-29,39.65,0.25,52.97,2.63
2024-03-30,40.13,0.01,53.24,3.1
2024-03-31,39.75,0.01,46.06,3.16
2024-04-01,39.26,0.0,45.94,3.11
2024-04-02,39.27,0.0,47.34,2.78
2024-04-03,39.57,0.0,48.47,2.58
2024-04-04,40.1,0.0,48.91,3.27
2024-04-05,40.47,0.19,53.18,3.32
2024-04-06,40.59,0.43,45.42,3.78
2024-04-07,39.51,0.0,48.07,3.49
2024-04-08,40.39,0.0,52.42,2.6
2024-04-09,39.92,0.01,53.32,2.2
2024-04-10,40.06,0.01,52.2,2.66
2024-04-11,40.84,0.01,46.27,2.79
2024-04-12,38.93,0.01,45.51,2.47
2024-04-13,38.19,0.0,50.14,2.51
2024-04-14,39.64,0.02,54.24,2.67
2024-04-15,43.01,0.02,50.75,2.96
2024-04-16,43.22,0.02,32.35,4.05
2024-04-17,43.41,0.01,35.53,3.08
2024-04-18,41.84,0.07,50.19,2.99
2024-04-19,39.78,0.05,50.15,3.67
2024-04-20,40.53,0.31,49.89,3.29
2024-04-21,38.4,0.77,49.78,3.79
2024-04-22,38.59,0.16,51.33,3.35
2024-04-23,39.32,0.0,50.13,3.31
2024-04-24,39.91,0.33,52.67,2.84
2024-04-25,40.94,0.21,50.83,2.93
2024-04-26,40.55,0.41,50.29,3.72
2024-04-27,43.04,0.22,47.74,3.24
2024-04-28,44.11,0.03,46.03,3.52
2024-04-29,43.21,0.01,41.45,3.87
2024-04-30,43.06,0.03,44.3,3.4
2024-05-01,40.28,0.0,48.07,3.18
2024-05-02,40.56,0.0,49.75,2.67
2024-05-03,39.41,0.0,50.19,2.98
2024-05-04,39.44,0.01,54.78,3.15
2024-05-05,40.86,0.04,56.44,3.54
2024-05-06,39.3,0.07,59.1,3.75
2024-05-07,39.5,0.06,60.87,3.44
2024-05-08,40.67,0.12,55.98,3.07
2024-05-09,39.29,0.1,58.65,3.05
2024-05-10,40.22,1.41,56.2,2.99
2024-05-11,40.45,4.43,53.35,3.38
2024-05-12,37.58,7.3,61.88,2.19
2024-05-13,39.44,3.05,58.66,1.98
2024-05-14,40.26,5.09,59.77,3.13
2024-05-15,38.95,8.77,61.98,2.04
2024-05-16,40.1,2.38,59.67,2.21
2024-05-17,37.52,1.55,64.63,2.19
2024-05-18,40.04,0.71,61.18,2.21
2024-05-19,40.47,0.86,58.77,2.48
2024-05-20,40.37,1.12,61.37,2.81
2024-05-21,39.31,0.76,64.86,3.03
2024-05-22,40.68,0.82,64.65,2.93
2024-05-23,40.08,0.19,58.74,2.93
2024-05-24,39.69,0.05,63.89,3.4
2024-05-25,37.26,0.13,63.88,4.2
2024-05-26,37.53,0.16,64.31,4.32
2024-05-27,36.98,0.05,64.38,4.89
2024-05-28,37.1,0.07,62.56,5.26
2024-05-29,36.73,0.19,66.32,4.91
2024-05-30,37.55,0.13,65.76,4.36
2024-05-31,38.53,0.11,64.91,3.82
2024-06-01,38.1,0.23,62.81,4.04
2024-06-02,38.26,0.29,59.97,3.5
2024-06-03,36.51,5.19,64.97,3.3
2024-06-04,35.38,7.05,72.2,2.58
2024-06-05,35.45,4.87,72.27,2.9
2024-06-06,36.18,2.85,69.4,3.19
2024-06-07,34.21,2.26,72.29,3.12
2024-06-08,32.65,23.64,78.47,3.26
2024-06-09,30.29,30.5,85.79,2.74
2024-06-10,31.67,20.5,80.76,2.85
2024-06-11,31.44,7.2,80.31,3.39
2024-06-12,32.44,5.78,80.52,3.84
2024-06-13,33.03,15.41,79.0,3.85
2024-06-14,32.43,14.07,82.54,3.88
2024-06-15,33.28,3.19,79.56,3.5
2024-06-16,33.66,2.12,77.76,2.61
2024-06-17,32.69,4.3,80.44,3.24
2024-06-18,32.06,16.5,82.82,3.91
2024-06-19,31.35,22.81,82.59,5.4
2024-06-20,31.28,32.23,84.56,5.94
2024-06-21,31.94,16.57,84.46,5.12
2024-06-22,32.5,12.65,82.99,3.31
2024-06-23,31.42,13.84,83.23,2.82
2024-06-24,33.78,11.49,79.69,2.81
2024-06-25,31.88,4.34,82.67,3.33
2024-06-26,31.05,20.03,87.6,3.81
2024-06-27,29.75,39.71,91.26,8.18
2024-06-28,28.33,42.02,92.0,8.29
2024-06-29,31.07,20.19,87.34,6.36
2024-06-30,30.87,12.74,87.47,6.79
2024-07-01,30.71,23.8,86.08,8.88
2024-07-02,29.97,25.75,88.01,8.8
2024-07-03,31.09,6.79,85.66,7.05
2024-07-04,30.15,13.04,87.24,6.02
2024-07-05,29.92,18.03,88.6,6.63
2024-07-06,29.98,39.52,88.61,7.35
2024-07-07,29.94,58.64,90.24,5.6
2024-07-08,29.42,56.74,90.94,4.57
2024-07-09,28.84,40.59,89.86,3.69
2024-07-10,29.6,13.21,88.75,3.5
2024-07-11,30.0,20.43,90.23,4.36
2024-07-12,28.62,80.45,92.96,5.13
2024-07-13,28.1,92.31,93.15,7.05
2024-07-14,28.52,53.06,93.61,5.78
2024-07-15,29.09,30.52,90.44,3.11
2024-07-16,27.43,9.37,89.18,3.16
2024-07-17,28.62,25.98,92.55,6.19
2024-07-18,28.1,48.74,93.73,7.07
2024-07-19,27.93,43.23,93.1,6.85
2024-07-20,27.34,69.62,94.34,6.74
2024-07-21,27.73,87.64,94.25,5.95
2024-07-22,27.48,70.85,94.02,6.19
2024-07-23,27.88,61.65,93.88,6.66
2024-07-24,27.58,67.36,93.67,6.73
2024-07-25,26.82,142.54,92.44,7.29
2024-07-26,27.94,21.55,92.1,7.28
2024-07-27,27.92,13.78,92.19,6.52
2024-07-28,27.3,28.97,93.55,6.02
2024-07-29,27.61,41.28,93.76,5.69
2024-07-30,28.81,33.89,92.31,5.39
2024-07-31,29.24,21.69,92.2,4.83
2024-08-01,28.42,28.05,92.64,5.88
2024-08-02,27.45,33.26,93.4,6.56
2024-08-03,27.08,103.94,93.59,7.56
2024-08-04,26.97,41.18,94.4,6.23
2024-08-05,28.33,19.7,92.21,5.81
2024-08-06,28.27,17.03,91.47,5.13
2024-08-07,28.9,11.21,90.71,4.4
2024-08-08,28.79,8.99,90.23,4.33
2024-08-09,29.28,11.6,90.92,4.22
2024-08-10,29.22,9.25,90.84,3.96
2024-08-11,28.64,8.32,90.56,4.37
2024-08-12,29.38,3.94,89.99,4.08
2024-08-13,29.7,2.71,89.53,3.33
2024-08-14,30.21,1.02,88.25,2.64
2024-08-15,29.92,0.64,88.32,2.77
2024-08-16,29.96,1.28,88.44,2.59
2024-08-17,30.76,20.13,86.03,1.78
2024-08-18,30.55,42.32,89.45,2.6
2024-08-19,28.39,19.39,94.14,2.96
2024-08-20,29.48,5.64,91.72,2.95
2024-08-21,31.07,2.15,88.12,2.06
2024-08-22,31.55,3.98,88.44,1.61
2024-08-23,30.61,15.2,88.86,2.15
2024-08-24,27.81,67.52,93.2,4.21
2024-08-25,27.69,58.74,92.45,6.09
2024-08-26,27.52,34.42,92.6,6.64
2024-08-27,28.37,23.38,90.55,7.83
2024-08-28,28.43,15.4,91.1,7.3
2024-08-29,28.82,7.8,90.64,6.48
2024-08-30,29.17,7.34,89.7,4.71
2024-08-31,28.91,3.64,90.24,3.25
2024-09-01,28.31,2.75,92.21,3.18
2024-09-02,26.87,21.39,93.82,3.38
2024-09-03,26.54,13.67,92.46,2.3
2024-09-04,29.04,15.46,91.26,5.05
2024-09-05,28.89,21.4,91.2,5.19
2024-09-06,29.35,14.01,89.96,5.07
2024-09-07,29.23,16.13,90.29,3.95
2024-09-08,29.05,6.61,91.03,3.42
2024-09-09,29.7,9.06,89.52,3.27
2024-09-10,29.15,8.47,89.76,3.4
2024-09-11,29.09,9.33,90.24,3.77
2024-09-12,29.05,6.03,89.71,4.13
2024-09-13,28.71,2.91,89.37,3.6
2024-09-14,29.15,10.11,87.76,3.76
2024-09-15,29.57,11.88,86.78,3.47
2024-09-16,29.65,3.16,83.69,2.23
2024-09-17,29.32,2.3,84.92,2.81
2024-09-18,29.39,0.99,83.9,1.79
2024-09-19,29.39,0.1,83.13,1.56
2024-09-20,30.15,0.29,83.19,1.75
2024-09-21,29.96,0.48,87.2,2.77
2024-09-22,30.28,8.46,89.71,3.65
2024-09-23,30.16,22.04,91.7,3.46
2024-09-24,28.13,45.96,94.3,4.76
2024-09-25,27.55,70.9,94.67,5.03
2024-09-26,28.61,74.73,92.91,3.58
2024-09-27,27.73,66.92,93.29,5.35
2024-09-28,28.73,9.71,90.08,3.66
2024-09-29,28.97,4.17,90.79,2.77
2024-09-30,31.21,1.09,85.53,1.44
2024-10-01,32.41,0.5,87.09,2.0
2024-10-02,31.36,2.4,89.93,2.11
2024-10-03,30.39,1.13,88.56,1.96
2024-10-04,30.2,0.18,87.78,2.2
2024-10-05,30.78,0.04,85.06,1.88
2024-10-06,32.44,6.54,83.32,2.45
2024-10-07,32.93,0.39,79.1,3.15
2024-10-08,32.34,2.08,80.74,2.77
2024-10-09,28.52,7.3,88.78,2.29
2024-10-10,31.04,43.1,86.82,2.72
2024-10-11,31.98,34.61,86.08,2.98
2024-10-12,32.5,1.62,85.78,2.73
2024-10-13,31.73,34.7,85.84,1.79
2024-10-14,33.17,5.03,83.15,2.24
2024-10-15,31.48,9.34,87.6,2.17
2024-10-16,32.19,6.89,85.22,2.07
2024-10-17,31.37,3.83,86.8,2.5
2024-10-18,31.73,6.57,87.62,3.02
2024-10-19,29.16,7.19,90.54,1.9
2024-10-20,31.41,11.86,82.63,1.78
2024-10-21,30.19,1.25,84.35,2.49
2024-10-22,32.15,4.38,82.22,2.04
2024-10-23,32.14,1.97,83.21,2.43
2024-10-24,32.68,0.03,77.82,2.78
2024-10-25,32.41,0.0,73.8,3.02
2024-10-26,31.79,0.0,76.57,3.25
2024-10-27,30.62,0.0,78.1,2.66
2024-10-28,31.12,0.0,80.14,2.0
2024-10-29,31.4,0.97,80.71,2.19
2024-10-30,31.94,0.84,76.92,2.26
2024-10-31,32.59,0.04,76.86,3.0
2024-11-01,32.31,0.01,74.52,3.23
2024-11-02,32.94,0.0,69.49,3.41
2024-11-03,31.45,0.0,71.67,3.34
2024-11-04,31.8,0.0,72.21,3.33
2024-11-05,31.24,0.0,73.02,3.33
2024-11-06,32.36,0.0,72.65,3.5
2024-11-07,31.64,0.0,74.86,3.82
2024-11-08,31.12,0.0,75.02,3.59
2024-11-09,31.38,0.0,73.55,3.6
2024-11-10,31.28,0.0,73.69,3.4
2024-11-11,29.92,0.0,73.58,3.6
2024-11-12,29.72,0.0,73.79,4.09
2024-11-13,30.73,0.0,74.31,3.97
2024-11-14,31.18,0.0,74.54,4.02
2024-11-15,30.09,0.45,81.1,3.08
2024-11-16,32.27,0.05,76.46,2.16
2024-11-17,31.31,0.0,75.89,3.65
2024-11-18,30.2,0.01,69.04,4.27
2024-11-19,29.07,0.0,71.65,4.19
2024-11-20,29.23,0.0,71.79,4.08
2024-11-21,29.31,0.0,70.82,3.17
2024-11-22,29.51,0.0,70.06,2.84
2024-11-23,29.81,0.0,67.02,2.44
2024-11-24,29.62,0.0,69.37,2.6
2024-11-25,29.01,0.0,70.94,3.75
2024-11-26,28.49,0.0,70.21,4.63
2024-11-27,28.31,0.0,68.4,4.74
2024-11-28,28.22,0.01,68.97,5.04
2024-11-29,28.21,0.06,65.87,4.47
2024-11-30,29.68,0.0,66.75,3.68
2024-12-01,30.18,0.02,79.06,3.09
2024-12-02,31.16,0.24,80.17,3.4
2024-12-03,31.88,1.14,79.17,3.7
2024-12-04,31.9,2.52,82.0,3.05
2024-12-05,32.12,0.21,80.89,3.05
2024-12-06,31.61,0.02,81.52,2.35
2024-12-07,30.41,0.0,76.06,3.05
2024-12-08,28.58,0.0,66.95,3.07
2024-12-09,28.4,0.0,61.51,3.95
2024-12-10,29.63,0.0,62.27,4.07
2024-12-11,30.44,0.0,69.82,3.32
2024-12-12,29.39,0.0,67.08,2.75
2024-12-13,29.36,0.0,66.42,4.82
2024-12-14,29.17,0.17,62.04,4.98
2024-12-15,30.28,0.23,58.84,4.42
2024-12-16,30.48,0.0,53.07,4.01
2024-12-17,30.41,0.0,54.29,3.12
2024-12-18,30.04,0.0,53.8,2.83
2024-12-19,30.33,0.0,62.33,3.05
2024-12-20,28.27,0.0,74.79,2.13
2024-12-21,28.53,0.0,77.32,2.23
2024-12-22,27.7,0.02,84.68,2.31
2024-12-23,26.76,0.01,86.32,2.57
2024-12-24,28.14,0.0,79.18,2.83
2024-12-25,29.54,0.0,77.09,2.41
2024-12-26,29.44,0.0,78.33,2.61
2024-12-27,29.39,0.01,81.35,2.68
2024-12-28,30.2,0.48,79.1,2.44
2024-12-29,31.72,0.04,73.57,2.69
2024-12-30,31.87,0.0,69.71,3.09
2024-12-31,32.93,0.0,65.9,3.18
2025-01-01,31.99,0.0,68.91,3.17
2025-01-02,33.01,0.0,59.35,3.56
2025-01-03,32.73,1.2,51.64,4.12
2025-01-04,32.64,0.0,52.93,3.58
2025-01-05,31.0,0.0,57.64,2.44
2025-01-06,30.08,0.0,61.43,3.17
2025-01-07,31.76,0.0,58.15,3.26
2025-01-08,31.15,0.02,55.6,3.96
2025-01-09,31.16,0.0,47.35,3.88
2025-01-10,31.04,0.0,56.5,3.41
2025-01-11,28.93,0.0,64.19,2.57
2025-01-12,30.66,0.0,64.08,2.99
2025-01-13,32.12,0.0,63.03,3.8
2025-01-14,32.67,0.0,61.74,3.35
2025-01-15,31.89,0.0,66.68,2.91
2025-01-16,31.68,0.0,66.17,2.55
2025-01-17,32.8,0.0,56.29,4.23
2025-01-18,32.83,0.0,51.64,4.66
2025-01-19,33.16,0.0,52.92,3.72
2025-01-20,33.81,0.0,50.13,3.35
2025-01-21,33.54,0.0,50.94,3.02
2025-01-22,33.74,0.0,51.95,2.8
2025-01-23,33.53,0.0,51.46,3.07
2025-01-24,35.53,0.0,53.97,3.39
2025-01-25,36.16,0.0,52.91,3.49
2025-01-26,36.39,0.0,50.87,3.3
2025-01-27,35.93,0.0,49.78,2.85
2025-01-28,34.98,0.0,47.92,2.28
2025-01-29,35.09,0.0,46.76,2.46
2025-01-30,34.96,0.0,49.07,2.89
2025-01-31,32.39,0.0,53.3,2.76
2025-02-01,31.05,0.0,55.8,2.88
2025-02-02,34.24,0.0,47.32,2.59
2025-02-03,31.18,0.0,54.08,2.69
2025-02-04,31.61,0.0,57.64,3.19
2025-02-05,34.22,0.0,46.89,3.45
2025-02-06,36.12,0.0,48.34,2.88
2025-02-07,36.63,0.0,49.26,3.51
2025-02-08,36.41,0.0,47.38,2.7
2025-02-09,35.87,0.0,46.35,2.82
2025-02-10,35.31,0.0,42.53,3.3
2025-02-11,35.3,0.0,40.72,3.19
2025-02-12,36.36,0.0,37.42,3.33
2025-02-13,38.41,0.0,32.54,3.57
2025-02-14,37.95,0.0,32.27,4.0
2025-02-15,37.98,0.0,30.96,3.89
2025-02-16,37.48,0.01,33.64,3.64
2025-02-17,37.68,0.17,40.96,3.35
2025-02-18,37.67,0.08,38.47,3.39
2025-02-19,37.08,0.0,40.6,3.47
2025-02-20,38.08,0.01,35.31,3.96
2025-02-21,39.12,0.0,29.24,4.34
2025-02-22,39.52,0.0,29.68,4.0
2025-02-23,39.15,0.0,28.85,3.84
2025-02-24,38.97,0.0,26.56,3.8
2025-02-25,39.22,0.0,28.68,3.59
2025-02-26,39.66,0.0,32.05,3.06
2025-02-27,39.58,0.0,32.37,3.47
2025-02-28,38.55,0.0,32.22,3.09
2025-03-01,38.77,0.01,35.58,3.22
2025-03-02,39.28,0.0,34.91,3.75
2025-03-03,39.98,0.49,31.6,4.4
2025-03-04,39.1,0.0,27.22,4.99
2025-03-05,40.43,0.0,18.57,4.05
2025-03-06,39.96,0.0,17.61,4.34
2025-03-07,40.09,0.0,21.5,3.85
2025-03-08,39.38,0.0,31.87,3.26
2025-03-09,41.58,0.0,39.44,3.17
2025-03-10,42.01,0.0,29.08,3.38
2025-03-11,41.18,0.0,35.49,3.24
2025-03-12,41.14,0.04,40.79,2.58
2025-03-13,40.62,0.07,41.68,2.95
2025-03-14,39.68,0.04,45.59,3.11
2025-03-15,39.9,0.02,45.16,3.19
2025-03-16,38.98,0.0,45.97,3.49
2025-03-17,37.91,0.61,42.97,3.76
2025-03-18,38.65,0.02,43.21,2.74
2025-03-19,38.14,0.0,48.4,2.61
2025-03-20,38.09,0.0,40.1,3.98
2025-03-21,35.82,0.0,48.31,3.25
2025-03-22,37.96,0.11,44.3,2.81
2025-03-23,40.43,0.26,43.43,2.45
2025-03-24,40.94,0.1,46.84,2.38
2025-03-25,40.96,0.48,39.7,2.96
2025-03-26,37.54,0.07,51.77,2.76
2025-03-27,35.68,0.0,52.73,3.23
2025-03-28,38.99,0.0,46.97,3.04
2025-03-29,42.15,0.0,23.77,3.39
2025-03-30,41.63,0.22,28.11,2.61
2025-03-31,42.04,0.33,40.92,2.11
2025-04-01,39.46,0.1,37.36,2.38
2025-04-02,41.21,0.16,39.44,3.12
2025-04-03,37.28,1.56,57.68,2.42
2025-04-04,38.2,1.18,53.09,2.65
2025-04-05,41.06,2.1,39.45,3.51
2025-04-06,42.44,0.47,42.12,3.32
2025-04-07,42.92,0.01,40.05,3.42
2025-04-08,43.49,0.0,30.76,3.37
2025-04-09,43.19,0.02,41.76,3.14
2025-04-10,40.21,0.04,57.75,3.03
2025-04-11,37.77,0.01,56.84,2.94
2025-04-12,38.32,0.0,57.67,2.8
2025-04-13,40.77,0.0,52.92,3.44
2025-04-14,41.35,0.0,47.64,4.35
2025-04-15,40.7,0.0,51.84,3.66
2025-04-16,39.8,0.0,60.95,3.09
2025-04-17,39.78,0.0,58.98,2.74
2025-04-18,39.23,0.0,58.49,2.73
2025-04-19,39.54,0.0,56.71,3.12
2025-04-20,39.86,0.0,53.89,3.15
2025-04-21,40.27,0.07,56.84,3.06
2025-04-22,41.03,0.03,50.28,3.25
2025-04-23,41.66,0.22,49.17,2.46
2025-04-24,40.58,0.03,49.69,2.34
2025-04-25,39.11,0.0,46.44,2.46
2025-04-26,40.44,0.01,48.24,2.33
2025-04-27,41.28,0.0,50.96,3.01
2025-04-28,41.26,0.03,52.29,2.78
2025-04-29,39.58,0.02,54.1,2.67
2025-04-30,39.15,0.08,54.02,2.85
2025-05-01,41.48,0.04,54.24,3.46
2025-05-02,41.29,0.01,53.25,3.4
2025-05-03,39.9,0.03,53.47,2.87
2025-05-04,35.18,0.02,59.54,2.93
2025-05-05,37.49,0.04,61.88,2.62
2025-05-06,34.55,1.96,61.27,2.41
2025-05-07,32.79,11.4,69.58,3.66
2025-05-08,30.9,16.0,78.09,3.56
2025-05-09,33.41,9.76,75.34,3.56
2025-05-10,35.77,3.14,68.94,2.79
2025-05-11,36.86,2.27,63.86,2.62
2025-05-12,36.47,1.69,64.26,2.48
2025-05-13,35.67,8.18,65.33,2.04
2025-05-14,37.52,5.56,65.6,2.08
2025-05-15,35.52,3.36,69.38,2.05
2025-05-16,34.46,2.52,72.07,2.54
2025-05-17,34.78,4.57,72.55,2.7
2025-05-18,33.99,3.56,72.92,2.4
2025-05-19,32.7,9.43,80.02,2.65
2025-05-20,33.3,28.04,81.77,2.31
2025-05-21,32.38,11.29,83.04,2.14
2025-05-22,31.34,16.94,83.3,1.66
2025-05-23,34.21,5.02,77.21,2.25
2025-05-24,30.68,31.52,84.38,2.37
2025-05-25,29.85,68.55,86.53,4.43
2025-05-26,30.87,100.34,86.8,5.49
2025-05-27,29.0,33.64,89.56,3.84
2025-05-28,30.74,13.21,88.13,3.98
2025-05-29,30.43,10.94,88.6,4.2
2025-05-30,31.93,1.1,82.54,4.71
2025-05-31,32.12,2.77,81.77,4.74
2025-06-01,32.34,7.89,82.82,4.98
2025-06-02,31.32,5.06,84.43,5.08
2025-06-03,31.48,11.28,84.52,4.94
2025-06-04,31.12,6.15,83.16,3.62
2025-06-05,31.91,3.75,81.56,2.43
2025-06-06,31.72,11.87,82.59,2.44
2025-06-07,31.37,15.46,84.61,2.36
2025-06-08,32.4,0.57,81.89,2.55
2025-06-09,31.87,0.19,81.76,3.73
2025-06-10,32.56,0.41,79.95,3.46
2025-06-11,31.56,2.94,83.45,3.65
2025-06-12,30.47,14.24,89.0,4.44
2025-06-13,29.5,25.31,89.31,4.14
2025-06-14,30.75,25.92,89.91,2.74
2025-06-15,29.01,47.35,93.16,3.72
2025-06-16,29.03,93.66,91.02,7.12
2025-06-17,30.13,23.92,86.35,7.82
2025-06-18,29.7,88.05,88.7,7.05
2025-06-19,28.84,55.21,90.74,6.72
2025-06-20,29.89,16.29,88.72,6.68
2025-06-21,29.91,11.84,88.63,6.24
2025-06-22,29.61,13.85,88.28,6.43
2025-06-23,29.48,29.96,88.5,7.24
2025-06-24,29.23,22.52,89.75,6.63
2025-06-25,29.54,10.67,88.88,6.8
2025-06-26,29.2,16.88,89.04,6.57
2025-06-27,28.94,20.06,89.33,6.92
2025-06-28,29.28,12.15,87.28,7.45
2025-06-29,28.26,12.81,90.34,6.47
2025-06-30,28.78,16.89,89.31,6.82
2025-07-01,28.46,21.23,90.0,6.17
2025-07-02,27.87,32.22,91.28,5.47
2025-07-03,28.5,36.59,89.93,7.05
2025-07-04,28.69,27.31,89.85,7.45
2025-07-05,28.16,42.63,91.31,6.78
2025-07-06,28.28,30.2,90.09,6.96
2025-07-07,28.12,14.49,89.8,6.04
2025-07-08,28.17,8.2,90.65,5.59
2025-07-09,28.1,16.02,90.84,5.13
2025-07-10,28.95,9.58,90.55,4.52
2025-07-11,29.06,12.23,90.09,4.19
2025-07-12,29.14,11.73,89.88,4.49
2025-07-13,29.26,11.93,89.74,4.95
2025-07-14,28.9,31.44,90.52,6.1
2025-07-15,29.09,39.11,90.66,5.14
2025-07-16,29.29,9.19,90.72,4.05
2025-07-17,29.23,2.21,89.74,3.45
2025-07-18,29.53,2.04,88.48,3.65
2025-07-19,29.49,6.0,89.53,3.88
2025-07-20,29.86,22.0,88.76,3.97
2025-07-21,29.16,47.27,90.87,4.23
2025-07-22,28.7,35.44,90.66,4.37
2025-07-23,28.1,53.02,91.73,5.03
2025-07-24,28.59,41.4,91.19,5.59
2025-07-25,28.12,57.88,91.9,6.0
2025-07-26,27.36,54.89,92.51,6.68
2025-07-27,27.65,27.16,90.58,7.33
2025-07-28,27.77,16.23,89.98,7.51
2025-07-29,27.26,14.29,90.45,7.48
2025-07-30,27.52,9.63,91.19,5.72
2025-07-31,28.37,6.84,90.38,5.73
2025-08-01,28.64,3.94,90.25,4.75
2025-08-02,28.31,6.59,90.73,3.78
2025-08-03,29.35,4.35,89.67,3.4
2025-08-04,29.12,1.83,89.53,3.18
2025-08-05,29.56,3.74,89.21,2.74
2025-08-06,29.75,4.55,88.0,2.42
2025-08-07,28.98,4.13,88.8,2.54
2025-08-08,29.29,3.4,88.25,2.11
2025-08-09,29.02,9.14,87.62,2.29
2025-08-10,29.3,11.53,87.57,2.17
2025-08-11,28.65,13.59,89.3,3.09
2025-08-12,29.14,5.51,88.8,2.82
2025-08-13,28.81,26.15,90.4,3.02
2025-08-14,28.21,20.51,90.64,3.59
2025-08-15,27.8,53.06,92.22,3.1
2025-08-16,27.82,69.3,92.74,3.79
2025-08-17,27.94,60.78,93.43,4.75
2025-08-18,26.63,96.42,93.61,7.01
2025-08-19,26.88,142.85,93.58,7.22
2025-08-20,26.93,69.09,92.0,7.65
2025-08-21,27.95,10.82,90.71,6.35
2025-08-22,28.19,8.08,89.86,5.83
2025-08-23,27.89,9.05,89.15,6.25
2025-08-24,28.39,11.13,88.07,6.3
2025-08-25,27.31,26.8,90.68,5.72
2025-08-26,27.69,16.08,91.85,4.79
2025-08-27,27.51,19.75,92.52,2.87
2025-08-28,28.45,15.99,92.99,3.31
2025-08-29,28.73,28.51,91.01,2.67
2025-08-30,29.06,7.57,91.58,3.52
2025-08-31,28.99,12.1,91.56,4.21
2025-09-01,28.28,15.63,91.3,5.23
2025-09-02,28.31,8.79,91.22,4.44
2025-09-03,28.26,8.17,91.28,3.97
2025-09-04,27.26,6.64,92.12,3.8
2025-09-05,28.29,35.41,91.07,4.63
2025-09-06,26.52,36.34,94.42,4.6
2025-09-07,28.26,19.23,91.84,4.65
2025-09-08,28.3,2.1,91.16,3.64
2025-09-09,29.0,0.12,89.19,2.54
2025-09-10,29.61,0.11,85.35,1.87
2025-09-11,29.35,0.55,86.37,2.32
2025-09-12,29.24,2.93,87.53,2.46
2025-09-13,28.36,25.49,89.92,2.53
2025-09-14,29.63,38.53,89.78,3.07
2025-09-15,27.22,74.47,93.73,3.91
2025-09-16,28.5,8.89,92.09,2.25
2025-09-17,29.51,5.23,90.22,1.99
2025-09-18,29.04,18.85,90.55,2.61
2025-09-19,27.8,28.86,92.44,2.1
2025-09-20,27.71,13.53,91.87,2.31
2025-09-21,29.17,10.63,90.97,2.53
2025-09-22,27.79,14.17,92.6,3.14
2025-09-23,28.01,18.28,90.45,2.62
2025-09-24,29.27,2.38,88.25,2.53
2025-09-25,28.92,1.78,86.35,2.08
2025-09-26,28.94,5.59,87.31,2.23
2025-09-27,28.41,44.94,92.34,3.93
2025-09-28,26.19,112.87,94.43,6.66
2025-09-29,26.07,40.49,92.72,7.03
2025-09-30,28.08,8.11,90.4,5.02
2025-10-01,28.37,7.33,90.8,4.82
2025-10-02,28.59,11.05,91.12,4.22
2025-10-03,29.49,2.62,89.77,2.83
2025-10-04,29.24,1.73,89.66,2.35
2025-10-05,29.19,2.62,89.41,2.5
2025-10-06,28.29,2.11,88.65,2.35
2025-10-07,29.31,4.27,87.87,2.09
2025-10-08,30.72,1.58,86.85,2.56
2025-10-09,31.29,0.22,80.73,2.7
2025-10-10,31.72,0.0,78.47,2.91
2025-10-11,31.45,0.0,76.56,3.05
2025-10-12,31.25,0.01,76.05,3.32
2025-10-13,31.23,0.0,73.02,3.61
2025-10-14,31.2,0.0,71.03,3.26
2025-10-15,31.95,0.77,77.42,3.0
2025-10-16,32.61,2.04,82.24,2.76
2025-10-17,32.74,0.39,78.6,3.52
2025-10-18,32.58,0.32,77.9,3.06
2025-10-19,32.6,0.11,77.34,3.32
2025-10-20,30.72,0.0,79.17,3.9
2025-10-21,31.82,8.65,80.08,3.44
2025-10-22,32.63,1.13,81.0,3.08
2025-10-23,32.39,6.1,81.19,3.97
2025-10-24,31.88,2.54,83.16,3.37
2025-10-25,29.79,11.79,87.82,3.02
2025-10-26,30.58,30.15,87.45,3.8
2025-10-27,29.51,12.9,89.08,3.91
2025-10-28,30.56,5.44,85.59,3.77
2025-10-29,29.63,8.72,89.67,2.81
2025-10-30,28.74,13.02,89.54,4.39
2025-10-31,28.82,7.9,88.87,4.96
2025-11-01,29.28,7.08,89.49,4.02
2025-11-02,29.25,9.04,90.26,3.37
2025-11-03,29.14,3.49,88.94,2.56
2025-11-04,29.18,0.81,85.58,2.51
2025-11-05,28.56,0.13,80.19,1.48
2025-11-06,29.02,0.02,81.01,1.98
2025-11-07,30.54,0.0,74.69,2.87
2025-11-08,30.52,0.0,66.3,3.6
2025-11-09,28.61,0.0,67.14,2.54
2025-11-10,28.8,0.0,64.72,2.1
2025-11-11,28.76,0.0,66.34,2.08
2025-11-12,29.41,0.0,68.08,3.24
2025-11-13,29.45,0.0,67.8,3.71
2025-11-14,28.76,0.0,67.02,4.06
2025-11-15,28.87,0.0,65.68,4.05
2025-11-16,28.79,0.0,68.1,4.53
2025-11-17,28.06,0.0,69.02,4.23
2025-11-18,28.0,0.0,67.49,4.17
2025-11-19,29.22,0.0,65.78,3.75
2025-11-20,28.92,0.0,67.12,3.94
2025-11-21,29.8,0.0,69.99,3.79
2025-11-22,30.53,0.0,75.95,3.29
2025-11-23,32.25,0.0,67.51,2.31
2025-11-24,31.14,0.0,73.13,2.48
2025-11-25,30.59,0.0,72.28,2.97
2025-11-26,30.19,0.01,72.07,3.14
2025-11-27,30.29,0.0,73.31,3.28
2025-11-28,29.88,0.0,75.06,3.5
2025-11-29,29.17,0.0,68.2,4.1
2025-11-30,28.8,0.0,67.89,3.8
2025-12-01,30.0,0.0,67.25,3.45
2025-12-02,29.38,0.0,66.96,2.75
2025-12-03,29.63,0.0,72.25,3.64
2025-12-04,30.51,0.0,71.61,4.01
2025-12-05,30.5,0.0,73.26,4.13
2025-12-06,29.37,0.0,69.22,4.13
2025-12-07,28.71,0.0,67.97,3.75
2025-12-08,30.14,0.0,64.98,3.8
2025-12-09,30.16,0.07,61.6,4.67
2025-12-10,30.2,0.0,57.8,4.38
2025-12-11,29.3,0.0,57.23,3.91
2025-12-12,29.82,0.0,60.47,3.76
2025-12-13,30.5,0.0,57.63,3.01
2025-12-14,30.3,0.0,61.49,3.77
2025-12-15,29.43,0.0,59.95,3.95
2025-12-16,29.43,0.0,60.78,4.19
2025-12-17,31.36,0.0,65.99,4.01
2025-12-18,30.71,0.0,58.78,4.06
2025-12-19,30.77,0.0,56.54,4.11
2025-12-20,30.79,0.0,54.85,3.66
2025-12-21,29.03,0.0,56.33,3.93
2025-12-22,28.78,0.0,59.68,4.22
2025-12-23,29.79,0.0,56.09,4.1
2025-12-24,29.61,0.0,60.59,3.93
2025-12-25,29.11,0.0,55.45,3.61
2025-12-26,29.59,0.0,59.06,3.25
2025-12-27,30.24,0.0,61.46,3.79
2025-12-28,29.6,0.0,59.1,3.56
2025-12-29,29.71,0.0,58.7,3.37
2025-12-30,29.0,0.0,63.93,2.74
2025-12-31,27.43,0.06,76.68,2.52
